record_id,campaign,coin_number,short_id,spot_type,spot_description,confidence,confidence_score,review_basis,primary_position,secondary_position,primary_object,secondary_object,tertiary_object,environment_type,surface_type,concealment_type,search_priority,search_instruction,search_text
sg60_001,SG60,1,oxmISKHlw2Y,brick_grass_edge,"In between the red brick border and grass, under dry leaves beside the concrete kerb.",high,1.0,end6 contact sheet,in_between,under,brick,grass,leaves,mixed_edge,brick+grass,underside,5,"Check underneath the brick first, then inspect the nearest edge and floor seam.","SG60 silver coin. coin 1. spot type brick grass edge. positions in_between under. objects brick grass leaves. environment mixed edge. concealment underside. In between the red brick border and grass, under dry leaves beside the concrete kerb."
sg60_002,SG60,2,kEDCFOIPJ08,pipe_gap,"Behind a large white pipe, in between the pipe and white wall or slab.",high,1.0,end6 contact sheet,behind,in_between,pipe,wall,concrete,utility_edge,metal+concrete,seam_gap,5,Check the seam or narrow gap behind the pipe before scanning open ground.,"SG60 silver coin. coin 2. spot type pipe gap. positions behind in_between. objects pipe wall concrete. environment utility edge. concealment seam gap. Behind a large white pipe, in between the pipe and white wall or slab."
sg60_003,SG60,3,VFedconvH5s,retaining_wall_corner_gap,"In the corner gap between a low concrete retaining wall and planter edge, under roots and dry leaves.",high,1.0,end12_24 plus end6 contact sheets,in_corner,in_between,wall,concrete,planter,landscape_edge,concrete+leaf_litter,seam_gap,5,Check the seam or narrow gap in the corner of the wall before scanning open ground.,"SG60 silver coin. coin 3. spot type retaining wall corner gap. positions in_corner in_between. objects wall concrete planter. environment landscape edge. concealment seam gap. In the corner gap between a low concrete retaining wall and planter edge, under roots and dry leaves."
sg60_004,SG60,4,6RTJlqxJtVY,bench_slat_gap,"In between the wooden bench slats, beside the metal armrest.",high,1.0,end6 contact sheet,in_between,beside,bench,wood,,bench_zone,wood+metal,seam_gap,5,Check the seam or narrow gap in between the bench before scanning open ground.,"SG60 silver coin. coin 4. spot type bench slat gap. positions in_between beside. objects bench wood. environment bench zone. concealment seam gap. In between the wooden bench slats, beside the metal armrest."
sg60_005,SG60,5,ikdn-k4Ug7c,kerb_grass_edge,"Beside a concrete kerb, on grass and soil at the base edge.",medium,0.7,end6 contact sheet,beside,on,kerb,grass,concrete,mixed_edge,concrete+grass,natural_cover,3,"Check under leaves, roots, or groundcover beside the kerb before searching open pavement.","SG60 silver coin. coin 5. spot type kerb grass edge. positions beside on. objects kerb grass concrete. environment mixed edge. concealment natural cover. Beside a concrete kerb, on grass and soil at the base edge."
sg60_006,SG60,6,SVfjqBOnJ_w,tree_bark_crevice,"Inside a tree bark groove, above dry leaves beside the hedge-lined walkway.",high,1.0,end12_24 plus end6 contact sheets,inside,above,tree,leaves,hedge,landscape_edge,leaf_litter+tile,seam_gap,5,Check the seam or narrow gap inside the tree before scanning open ground.,"SG60 silver coin. coin 6. spot type tree bark crevice. positions inside above. objects tree leaves hedge. environment landscape edge. concealment seam gap. Inside a tree bark groove, above dry leaves beside the hedge-lined walkway."
sg60_007,SG60,7,f7b-M4Y4eIY,railing_drain_gap,"In between green metal railing posts and the concrete drain edge, on soil and grass.",high,1.0,end6 contact sheet,in_between,on,railing,drain,concrete,utility_edge,metal+concrete,seam_gap,5,Check the seam or narrow gap in between the railing before scanning open ground.,"SG60 silver coin. coin 7. spot type railing drain gap. positions in_between on. objects railing drain concrete. environment utility edge. concealment seam gap. In between green metal railing posts and the concrete drain edge, on soil and grass."
sg60_009,SG60,9,binO9_h0WzU,planter_tile_edge,"Inside the planter edge, on top of the red brick border under the bush.",high,1.0,end6 contact sheet,inside,on_top,planter,tile,brick,landscape_edge,tile+brick,inside_object,5,Check inside the planter opening or recess before sweeping nearby grass or soil.,"SG60 silver coin. coin 9. spot type planter tile edge. positions inside on_top. objects planter tile brick. environment landscape edge. concealment inside object. Inside the planter edge, on top of the red brick border under the bush."
sg60_010,SG60,10,MF9qMW6YSUE,signboard_leg_corner,"In the corner gap beside a grey signboard leg, on the black concrete plinth.",high,1.0,end6 contact sheet,in_corner,beside,signboard,concrete,panel,structure_edge,concrete,seam_gap,5,Check the seam or narrow gap in the corner of the signboard before scanning open ground.,"SG60 silver coin. coin 10. spot type signboard leg corner. positions in_corner beside. objects signboard concrete panel. environment structure edge. concealment seam gap. In the corner gap beside a grey signboard leg, on the black concrete plinth."
sg60_011,SG60,11,NMCTHFKEPAk,bench_underseat_gap,"Under a purple bench, below the side panel and beside the leg.",high,1.0,end6 contact sheet,under,below,bench,panel,,bench_zone,metal,seam_gap,5,Check the seam or narrow gap under the bench before scanning open ground.,"SG60 silver coin. coin 11. spot type bench underseat gap. positions under below. objects bench panel. environment bench zone. concealment seam gap. Under a purple bench, below the side panel and beside the leg."
sg60_012,SG60,12,_9McgQ4GLr4,kerb_grass_edge,"Under grass, beside a low concrete kerb at the walkway edge.",high,1.0,end6 contact sheet,under,beside,kerb,grass,concrete,walkway_edge,concrete+grass,underside,5,"Check underneath the kerb first, then inspect the nearest edge and floor seam.","SG60 silver coin. coin 12. spot type kerb grass edge. positions under beside. objects kerb grass concrete. environment walkway edge. concealment underside. Under grass, beside a low concrete kerb at the walkway edge."
sg60_013,SG60,13,8_4IYcVjDTs,planter_wall_groundcover,"Under groundcover, on top of a rough concrete planter wall edge.",high,1.0,end6 contact sheet,under,on_top,planter,wall,hedge,landscape_edge,concrete,underside,5,"Check underneath the planter first, then inspect the nearest edge and floor seam.","SG60 silver coin. coin 13. spot type planter wall groundcover. positions under on_top. objects planter wall hedge. environment landscape edge. concealment underside. Under groundcover, on top of a rough concrete planter wall edge."
sg60_014,SG60,14,SGiEvMBxD-I,signboard_base_leaf_litter,"Behind the low metal signboard base strip, under dry leaves and straw on grass.",high,1.0,end6 contact sheet,behind,under,signboard,leaves,grass,structure_edge,leaf_litter+metal,underside,5,"Check underneath the signboard first, then inspect the nearest edge and floor seam.","SG60 silver coin. coin 14. spot type signboard base leaf litter. positions behind under. objects signboard leaves grass. environment structure edge. concealment underside. Behind the low metal signboard base strip, under dry leaves and straw on grass."
sg60_015,SG60,15,v0k_LNcQsWw,playground_slide_lip,"Under the lip of a yellow playground slide outlet, above the rubber floor.",high,1.0,full12 plus end6 contact sheets,under,above,playground,,,playground,mixed,underside,5,"Check underneath the playground first, then inspect the nearest edge and floor seam.","SG60 silver coin. coin 15. spot type playground slide lip. positions under above. objects playground. environment playground. concealment underside. Under the lip of a yellow playground slide outlet, above the rubber floor."
sg60_016,SG60,16,dsv2GywkjpM,concrete_crack,"In a concrete crack on the rough walkway, under small debris.",high,1.0,end6 contact sheet,on,under,concrete,paver,,walkway_edge,concrete+tile,seam_gap,5,Check the seam or narrow gap on the concrete before scanning open ground.,"SG60 silver coin. coin 16. spot type concrete crack. positions on under. objects concrete paver. environment walkway edge. concealment seam gap. In a concrete crack on the rough walkway, under small debris."
sg60_017,SG60,17,5VN8BjCGcxw,rock_drain_gap,"In between large rocks and pebbles, beside roots in the drain gap.",high,1.0,end6 contact sheet,in_between,beside,rock,drain,tree,utility_edge,rock,seam_gap,5,Check the seam or narrow gap in between the rock before scanning open ground.,"SG60 silver coin. coin 17. spot type rock drain gap. positions in_between beside. objects rock drain tree. environment utility edge. concealment seam gap. In between large rocks and pebbles, beside roots in the drain gap."
sg60_018,SG60,18,_6NwXgJEYCQ,wall_ledge_vines,"On top of a white wall ledge, under branches and vines above the brick wall.",high,1.0,end6 contact sheet,on_top,on,wall,concrete,brick,structure_edge,concrete+brick,edge_hide,4,Start on top of the wall and inspect the nearest edge before checking open ground.,"SG60 silver coin. coin 18. spot type wall ledge vines. positions on_top on. objects wall concrete brick. environment structure edge. concealment edge hide. On top of a white wall ledge, under branches and vines above the brick wall."
sg60_019,SG60,19,ksq_JNmpaaU,walkway_planting_crack,"In the crack between the concrete walkway and planting bed, beside grass.",high,1.0,end6 contact sheet,in_between,beside,paver,concrete,planter,landscape_edge,tile+concrete,seam_gap,5,Check the seam or narrow gap in between the paver before scanning open ground.,"SG60 silver coin. coin 19. spot type walkway planting crack. positions in_between beside. objects paver concrete planter. environment landscape edge. concealment seam gap. In the crack between the concrete walkway and planting bed, beside grass."
sg60_020,SG60,20,sfyQLhZ2r34,paver_gap,"In between mossy granite pavers, on soil and grass.",high,1.0,end6 contact sheet,in_between,on,paver,soil,grass,walkway_edge,tile+soil,seam_gap,5,Check the seam or narrow gap in between the paver before scanning open ground.,"SG60 silver coin. coin 20. spot type paver gap. positions in_between on. objects paver soil grass. environment walkway edge. concealment seam gap. In between mossy granite pavers, on soil and grass."
sg60_021,SG60,21,2X74dMP7a9k,curb_drain_leaf_litter,"Under dry leaves, inside the curbside drain gap beside the path.",high,1.0,end6 contact sheet,under,inside,kerb,drain,leaves,utility_edge,concrete+leaf_litter,seam_gap,5,Check the seam or narrow gap under the kerb before scanning open ground.,"SG60 silver coin. coin 21. spot type curb drain leaf litter. positions under inside. objects kerb drain leaves. environment utility edge. concealment seam gap. Under dry leaves, inside the curbside drain gap beside the path."
sg60_022,SG60,22,84cjZyPcCd8,brick_curb_gap,"In between the red brick border blocks and the concrete curb, beside grass.",high,1.0,end6 contact sheet,in_between,beside,brick,kerb,concrete,mixed_edge,brick+concrete,seam_gap,5,Check the seam or narrow gap in between the brick before scanning open ground.,"SG60 silver coin. coin 22. spot type brick curb gap. positions in_between beside. objects brick kerb concrete. environment mixed edge. concealment seam gap. In between the red brick border blocks and the concrete curb, beside grass."
sg60_023,SG60,23,YZ6V4d774q4,pipe_wall_corner_gap,"In the corner gap between white pipes and the wall, at floor level.",high,1.0,end6 contact sheet,in_corner,in_between,pipe,wall,,utility_edge,metal,seam_gap,5,Check the seam or narrow gap in the corner of the pipe before scanning open ground.,"SG60 silver coin. coin 23. spot type pipe wall corner gap. positions in_corner in_between. objects pipe wall. environment utility edge. concealment seam gap. In the corner gap between white pipes and the wall, at floor level."
sg60_024,SG60,24,5gP7ThHOVPw,playground_slide_lip,"Under the lip of a red playground slide outlet, above the blue support and rubber floor.",high,1.0,full12 plus end6 contact sheets,under,above,playground,,,playground,mixed,underside,5,"Check underneath the playground first, then inspect the nearest edge and floor seam.","SG60 silver coin. coin 24. spot type playground slide lip. positions under above. objects playground. environment playground. concealment underside. Under the lip of a red playground slide outlet, above the blue support and rubber floor."
sg60_025,SG60,25,TWSu6he3XfM,panel_edge_gap,"Behind the edge of a black glossy wall panel, inside the narrow vertical gap.",medium,0.7,end12_24 plus end6 contact sheets,behind,inside,panel,wall,,structure_edge,metal,seam_gap,4,Check the seam or narrow gap behind the panel before scanning open ground.,"SG60 silver coin. coin 25. spot type panel edge gap. positions behind inside. objects panel wall. environment structure edge. concealment seam gap. Behind the edge of a black glossy wall panel, inside the narrow vertical gap."
sg60_026,SG60,26,hKT5xdvHNkU,drain_kerb_crack,"In the crack beside the drain grate and concrete kerb, under low groundcover.",high,1.0,end6 contact sheet,beside,under,drain,kerb,concrete,utility_edge,concrete+metal,seam_gap,5,Check the seam or narrow gap beside the drain before scanning open ground.,"SG60 silver coin. coin 26. spot type drain kerb crack. positions beside under. objects drain kerb concrete. environment utility edge. concealment seam gap. In the crack beside the drain grate and concrete kerb, under low groundcover."
sg60_027,SG60,27,rZBvJHQ80VY,planter_edge_under_plants,"On soil under plants, behind the low concrete planter edge.",high,1.0,end6 contact sheet,under,on,planter,soil,concrete,landscape_edge,soil+concrete,underside,5,"Check underneath the planter first, then inspect the nearest edge and floor seam.","SG60 silver coin. coin 27. spot type planter edge under plants. positions under on. objects planter soil concrete. environment landscape edge. concealment underside. On soil under plants, behind the low concrete planter edge."
sg60_028,SG60,28,9HKjYglJrVE,block_grass_gap,"In between concrete blocks, under dry leaves on grass and soil.",high,1.0,end6 contact sheet,in_between,under,grass,concrete,leaves,mixed_edge,grass+concrete,seam_gap,5,Check the seam or narrow gap in between the grass before scanning open ground.,"SG60 silver coin. coin 28. spot type block grass gap. positions in_between under. objects grass concrete leaves. environment mixed edge. concealment seam gap. In between concrete blocks, under dry leaves on grass and soil."
sg60_029,SG60,29,zXYI0NbT_GE,drain_grate_curb_gap,"In between the concrete curb and metal drain grate, under dry leaves.",high,1.0,end6 contact sheet,in_between,under,drain,kerb,concrete,utility_edge,metal+concrete,seam_gap,5,Check the seam or narrow gap in between the drain before scanning open ground.,"SG60 silver coin. coin 29. spot type drain grate curb gap. positions in_between under. objects drain kerb concrete. environment utility edge. concealment seam gap. In between the concrete curb and metal drain grate, under dry leaves."
sg60_030,SG60,30,VEmn9_oVoJ4,bollard_opening,"Inside the round concrete bollard opening, behind the metal bracket and above the black rubber ring.",high,1.0,end6 contact sheet,inside,behind,concrete,,,mixed_edge,concrete+metal,hole_opening,5,Start inside the concrete and inspect the nearest edge before checking open ground.,"SG60 silver coin. coin 30. spot type bollard opening. positions inside behind. objects concrete. environment mixed edge. concealment hole opening. Inside the round concrete bollard opening, behind the metal bracket and above the black rubber ring."
sg60_031,SG60,31,Skk3ipOhCB0,drain_channel_fence_side,"Inside the concrete drain channel beside the chain-link fence, under branches.",high,1.0,end6 contact sheet,inside,beside,drain,fence,concrete,utility_edge,concrete,inside_object,5,Check inside the drain opening or recess before sweeping nearby grass or soil.,"SG60 silver coin. coin 31. spot type drain channel fence side. positions inside beside. objects drain fence concrete. environment utility edge. concealment inside object. Inside the concrete drain channel beside the chain-link fence, under branches."
sg60_032,SG60,32,iCQ3IUtwnNQ,railing_planter_gap,"Under the white railing, on top of the pebble-wash planter wall, among leaf litter and branches.",high,1.0,end6 contact sheet,under,on_top,railing,planter,wall,landscape_edge,metal+leaf_litter,seam_gap,5,Check the seam or narrow gap under the railing before scanning open ground.,"SG60 silver coin. coin 32. spot type railing planter gap. positions under on_top. objects railing planter wall. environment landscape edge. concealment seam gap. Under the white railing, on top of the pebble-wash planter wall, among leaf litter and branches."
sg60_033,SG60,33,FHcluSmFLE8,wall_leaf_litter_corner,"In the corner gap beside a concrete wall, under dry leaves.",high,1.0,end6 contact sheet,in_corner,beside,wall,leaves,concrete,structure_edge,leaf_litter+concrete,seam_gap,5,Check the seam or narrow gap in the corner of the wall before scanning open ground.,"SG60 silver coin. coin 33. spot type wall leaf litter corner. positions in_corner beside. objects wall leaves concrete. environment structure edge. concealment seam gap. In the corner gap beside a concrete wall, under dry leaves."
sg60_034,SG60,34,Se81VqANxCQ,chair_support_opening,"Under the blue plastic chair, inside the black rectangular support opening.",high,1.0,end6 contact sheet,under,inside,,,,mixed_edge,mixed,hole_opening,5,Start under the structure and inspect the nearest edge before checking open ground.,"SG60 silver coin. coin 34. spot type chair support opening. positions under inside. objects mixed. environment mixed edge. concealment hole opening. Under the blue plastic chair, inside the black rectangular support opening."
sg60_035,SG60,35,3E_SjB-hOQ0,utility_cover_frame_gap,"In the crack between the blue metal frame of a utility cover and the concrete slab, beside grass.",high,1.0,full12 plus end6 contact sheets,in_between,beside,utility_cover,concrete,grass,utility_edge,metal+concrete,seam_gap,5,Check the seam or narrow gap in between the utility cover before scanning open ground.,"SG60 silver coin. coin 35. spot type utility cover frame gap. positions in_between beside. objects utility_cover concrete grass. environment utility edge. concealment seam gap. In the crack between the blue metal frame of a utility cover and the concrete slab, beside grass."
sg60_038,SG60,38,HJRsAnnvpvk,granite_opening,"Inside the square opening under a granite bench or table, among grass.",high,1.0,end6 contact sheet,inside,under,bench,grass,,bench_zone,grass,hole_opening,5,Start inside the bench and inspect the nearest edge before checking open ground.,"SG60 silver coin. coin 38. spot type granite opening. positions inside under. objects bench grass. environment bench zone. concealment hole opening. Inside the square opening under a granite bench or table, among grass."
sg60_039,SG60,39,po1Sz0el_U0,wall_opening,"Inside a rectangular wall opening at floor level, below the white wall.",high,1.0,end6 contact sheet,inside,below,wall,,,structure_edge,mixed,hole_opening,5,Start inside the wall and inspect the nearest edge before checking open ground.,"SG60 silver coin. coin 39. spot type wall opening. positions inside below. objects wall. environment structure edge. concealment hole opening. Inside a rectangular wall opening at floor level, below the white wall."
sg60_040,SG60,40,dyjqdnWw4uk,tree_root_crevice,"In the tree root crevice, on soil and grass at the trunk base.",high,1.0,end6 contact sheet,on,,tree,soil,grass,landscape_edge,soil+grass,seam_gap,5,Check the seam or narrow gap on the tree before scanning open ground.,"SG60 silver coin. coin 40. spot type tree root crevice. positions on. objects tree soil grass. environment landscape edge. concealment seam gap. In the tree root crevice, on soil and grass at the trunk base."
sg60_041,SG60,41,hmG3HcfDQTA,planter_gap_behind_railing,"In the narrow planter gap behind metal railing bars, on soil among small plants.",high,1.0,end12_24 plus end6 contact sheets,behind,on,planter,railing,soil,landscape_edge,metal+soil,seam_gap,5,Check the seam or narrow gap behind the planter before scanning open ground.,"SG60 silver coin. coin 41. spot type planter gap behind railing. positions behind on. objects planter railing soil. environment landscape edge. concealment seam gap. In the narrow planter gap behind metal railing bars, on soil among small plants."
sg60_042,SG60,42,RqFOilogaNg,metal_fin_gap,"In between large brown metal fins or panels, beside the planter.",high,1.0,end6 contact sheet,in_between,beside,panel,planter,,landscape_edge,metal,seam_gap,5,Check the seam or narrow gap in between the panel before scanning open ground.,"SG60 silver coin. coin 42. spot type metal fin gap. positions in_between beside. objects panel planter. environment landscape edge. concealment seam gap. In between large brown metal fins or panels, beside the planter."
sg60_043,SG60,43,fzuemJtC4SI,low_wall_slot,"Inside the long narrow gap of a low concrete wall, above the planter plants and dry leaves.",high,1.0,full24 plus end6 contact sheets,inside,above,wall,concrete,planter,landscape_edge,concrete+leaf_litter,seam_gap,5,Check the seam or narrow gap inside the wall before scanning open ground.,"SG60 silver coin. coin 43. spot type low wall slot. positions inside above. objects wall concrete planter. environment landscape edge. concealment seam gap. Inside the long narrow gap of a low concrete wall, above the planter plants and dry leaves."
sg60_044,SG60,44,AzzGZW7tOPk,deck_planter_opening,"In the planter opening between wooden deck planks and concrete curb, under dry leaves.",high,1.0,end6 contact sheet,in_between,under,planter,wood,concrete,landscape_edge,wood+concrete,hole_opening,5,Start in between the planter and inspect the nearest edge before checking open ground.,"SG60 silver coin. coin 44. spot type deck planter opening. positions in_between under. objects planter wood concrete. environment landscape edge. concealment hole opening. In the planter opening between wooden deck planks and concrete curb, under dry leaves."
sg60_045,SG60,45,gY77SqNGRGM,railing_base_root_gap,"In between a black metal support and concrete curb, among grass and roots.",high,1.0,end12_24 plus end6 contact sheets,in_between,,railing,tree,concrete,landscape_edge,metal+concrete,seam_gap,5,Check the seam or narrow gap in between the railing before scanning open ground.,"SG60 silver coin. coin 45. spot type railing base root gap. positions in_between. objects railing tree concrete. environment landscape edge. concealment seam gap. In between a black metal support and concrete curb, among grass and roots."
sg60_046,SG60,46,T1DVVJGYw_o,drain_block_hole,"Inside the hole under a concrete drain block, in mud beside plants.",high,1.0,end6 contact sheet,inside,under,drain,concrete,,utility_edge,concrete,hole_opening,5,Start inside the drain and inspect the nearest edge before checking open ground.,"SG60 silver coin. coin 46. spot type drain block hole. positions inside under. objects drain concrete. environment utility edge. concealment hole opening. Inside the hole under a concrete drain block, in mud beside plants."
sg60_047,SG60,47,apwXPwf_tX4,metal_channel_leaf_litter,"Inside the narrow metal channel beside the concrete ledge, under dry leaves.",high,1.0,end6 contact sheet,inside,beside,leaves,concrete,,mixed_edge,metal+leaf_litter,inside_object,5,Check inside the leaves opening or recess before sweeping nearby grass or soil.,"SG60 silver coin. coin 47. spot type metal channel leaf litter. positions inside beside. objects leaves concrete. environment mixed edge. concealment inside object. Inside the narrow metal channel beside the concrete ledge, under dry leaves."
sg60_048,SG60,48,kPEKADx6oNA,kerb_corner_leaf_litter,"In the corner gap beside a concrete kerb, under wet leaves.",high,1.0,end6 contact sheet,in_corner,beside,kerb,leaves,concrete,mixed_edge,concrete+leaf_litter,seam_gap,5,Check the seam or narrow gap in the corner of the kerb before scanning open ground.,"SG60 silver coin. coin 48. spot type kerb corner leaf litter. positions in_corner beside. objects kerb leaves concrete. environment mixed edge. concealment seam gap. In the corner gap beside a concrete kerb, under wet leaves."
sg60_049,SG60,49,MBjsYGRHUAM,tile_seam,"In the seam between stone tiles, beside soil and a small plant.",high,1.0,end6 contact sheet,in_between,beside,tile,rock,soil,walkway_edge,tile+rock,seam_gap,5,Check the seam or narrow gap in between the tile before scanning open ground.,"SG60 silver coin. coin 49. spot type tile seam. positions in_between beside. objects tile rock soil. environment walkway edge. concealment seam gap. In the seam between stone tiles, beside soil and a small plant."
sg60_050,SG60,50,bxE6QVIzRUw,utility_cover_corner_crack,"In the crack beside the utility cover frame and concrete surround, under dry leaves.",high,1.0,end6 contact sheet,beside,under,utility_cover,concrete,leaves,utility_edge,concrete+leaf_litter,seam_gap,5,Check the seam or narrow gap beside the utility cover before scanning open ground.,"SG60 silver coin. coin 50. spot type utility cover corner crack. positions beside under. objects utility_cover concrete leaves. environment utility edge. concealment seam gap. In the crack beside the utility cover frame and concrete surround, under dry leaves."
sg60_051,SG60,51,_3WDmj8bNLA,tall_grass_soil,"Under tall grass, on soil beside the path edge.",high,1.0,end6 contact sheet,under,on,grass,soil,paver,walkway_edge,grass+soil,underside,5,"Check underneath the grass first, then inspect the nearest edge and floor seam.","SG60 silver coin. coin 51. spot type tall grass soil. positions under on. objects grass soil paver. environment walkway edge. concealment underside. Under tall grass, on soil beside the path edge."
sg60_052,SG60,52,UHzKHHWs0no,wall_corner_leaf_litter,"In the corner gap between concrete walls, under wet leaves beside a rock.",high,1.0,end6 contact sheet,in_corner,in_between,wall,leaves,concrete,structure_edge,leaf_litter+concrete,seam_gap,5,Check the seam or narrow gap in the corner of the wall before scanning open ground.,"SG60 silver coin. coin 52. spot type wall corner leaf litter. positions in_corner in_between. objects wall leaves concrete. environment structure edge. concealment seam gap. In the corner gap between concrete walls, under wet leaves beside a rock."
sg60_053,SG60,53,QZMtRDlLVnc,pole_cutout_planter_gap,"In the planter cutout around a black metal pole, under leaves beside the tiled walkway.",high,1.0,full24 plus end6 contact sheets,under,beside,lamp_post,planter,leaves,landscape_edge,metal+leaf_litter,seam_gap,5,Check the seam or narrow gap under the lamp post before scanning open ground.,"SG60 silver coin. coin 53. spot type pole cutout planter gap. positions under beside. objects lamp_post planter leaves. environment landscape edge. concealment seam gap. In the planter cutout around a black metal pole, under leaves beside the tiled walkway."
sg60_054,SG60,54,InhMby7RpAQ,playground_tunnel_lip,"Under the lip of a yellow playground tunnel or slide panel, beside the metal seam.",high,1.0,end6 contact sheet,under,beside,playground,panel,,playground,metal,seam_gap,5,Check the seam or narrow gap under the playground before scanning open ground.,"SG60 silver coin. coin 54. spot type playground tunnel lip. positions under beside. objects playground panel. environment playground. concealment seam gap. Under the lip of a yellow playground tunnel or slide panel, beside the metal seam."
sg60_055,SG60,55,gruSMZ4P9dc,curb_grass_edge,"In between the concrete walkway edge and grass, on soil beside the path.",high,1.0,end6 contact sheet,in_between,on,kerb,grass,concrete,walkway_edge,concrete+grass,natural_cover,3,"Check under leaves, roots, or groundcover beside the kerb before searching open pavement.","SG60 silver coin. coin 55. spot type curb grass edge. positions in_between on. objects kerb grass concrete. environment walkway edge. concealment natural cover. In between the concrete walkway edge and grass, on soil beside the path."
sg60_056,SG60,56,RvknUrA0wHQ,wall_base_planter,"Beside a curved white wall base, on soil under small plants.",high,1.0,end6 contact sheet,beside,on,wall,planter,soil,landscape_edge,soil,edge_hide,4,Start beside the wall and inspect the nearest edge before checking open ground.,"SG60 silver coin. coin 56. spot type wall base planter. positions beside on. objects wall planter soil. environment landscape edge. concealment edge hide. Beside a curved white wall base, on soil under small plants."
sg60_057,SG60,57,ifRDU9Jqm2E,utility_base_opening,"Inside the black utility base opening, on grass beside the brick walkway.",high,1.0,end6 contact sheet,inside,on,utility_cover,grass,brick,utility_edge,grass+brick,hole_opening,5,Start inside the utility cover and inspect the nearest edge before checking open ground.,"SG60 silver coin. coin 57. spot type utility base opening. positions inside on. objects utility_cover grass brick. environment utility edge. concealment hole opening. Inside the black utility base opening, on grass beside the brick walkway."
sg60_058,SG60,58,mUgBlwJKCd8,rocky_edge_gap,"In between rocks and gravel, beside the concrete curb edge.",high,1.0,end6 contact sheet,in_between,beside,rock,concrete,kerb,mixed_edge,rock+concrete,seam_gap,5,Check the seam or narrow gap in between the rock before scanning open ground.,"SG60 silver coin. coin 58. spot type rocky edge gap. positions in_between beside. objects rock concrete kerb. environment mixed edge. concealment seam gap. In between rocks and gravel, beside the concrete curb edge."
sg60_059,SG60,59,L5JftrVLh6c,metal_fin_gap,"Inside the narrow gap between grey metal fins, on dry leaves and debris.",high,1.0,end12_24 plus end6 contact sheets,inside,in_between,leaves,,,mixed_edge,metal+leaf_litter,seam_gap,5,Check the seam or narrow gap inside the leaves before scanning open ground.,"SG60 silver coin. coin 59. spot type metal fin gap. positions inside in_between. objects leaves. environment mixed edge. concealment seam gap. Inside the narrow gap between grey metal fins, on dry leaves and debris."
sg60_060,SG60,60,5si_Lux3Dn8,curb_crack,"In the crack between concrete kerb slabs, on soil and grass.",high,1.0,end6 contact sheet,in_between,on,kerb,concrete,soil,mixed_edge,concrete+soil,seam_gap,5,Check the seam or narrow gap in between the kerb before scanning open ground.,"SG60 silver coin. coin 60. spot type curb crack. positions in_between on. objects kerb concrete soil. environment mixed edge. concealment seam gap. In the crack between concrete kerb slabs, on soil and grass."
sg60_061,SG60,61,zyl-Q91ZpiM,bench_underseat_grass,"Under a wooden bench, in the grass strip below the seat edge.",medium,0.7,end6 contact sheet,under,below,bench,grass,wood,bench_zone,grass+wood,underside,4,"Check underneath the bench first, then inspect the nearest edge and floor seam.","SG60 silver coin. coin 61. spot type bench underseat grass. positions under below. objects bench grass wood. environment bench zone. concealment underside. Under a wooden bench, in the grass strip below the seat edge."
sg60_062,SG60,62,HTFtt3mQKxg,curb_seam_leaf_litter,"In between the mossy concrete curb and stone edge, under wet leaves.",high,1.0,end6 contact sheet,in_between,under,kerb,leaves,concrete,mixed_edge,concrete+leaf_litter,seam_gap,5,Check the seam or narrow gap in between the kerb before scanning open ground.,"SG60 silver coin. coin 62. spot type curb seam leaf litter. positions in_between under. objects kerb leaves concrete. environment mixed edge. concealment seam gap. In between the mossy concrete curb and stone edge, under wet leaves."
sg60_063,SG60,63,gS5cImefyyQ,leaf_litter_soil,"Under dry leaves, on soil among small rocks.",high,1.0,end6 contact sheet,under,on,leaves,soil,rock,mixed_edge,leaf_litter+soil,underside,5,"Check underneath the leaves first, then inspect the nearest edge and floor seam.","SG60 silver coin. coin 63. spot type leaf litter soil. positions under on. objects leaves soil rock. environment mixed edge. concealment underside. Under dry leaves, on soil among small rocks."
sg60_064,SG60,64,Q9vR1ZYLvRU,paver_hole,Inside the round hole of a square paver or stepping stone.,high,1.0,end6 contact sheet,inside,,paver,concrete,rock,walkway_edge,tile+rock,hole_opening,5,Start inside the paver and inspect the nearest edge before checking open ground.,SG60 silver coin. coin 64. spot type paver hole. positions inside. objects paver concrete rock. environment walkway edge. concealment hole opening. Inside the round hole of a square paver or stepping stone.
sg60_065,SG60,65,mRVj09QozOM,paver_crack,"In the crack between concrete pavers, on grass and soil.",high,1.0,end12_24 plus end6 contact sheets,in_between,on,paver,concrete,grass,walkway_edge,tile+concrete,seam_gap,5,Check the seam or narrow gap in between the paver before scanning open ground.,"SG60 silver coin. coin 65. spot type paver crack. positions in_between on. objects paver concrete grass. environment walkway edge. concealment seam gap. In the crack between concrete pavers, on grass and soil."
sg60_066,SG60,66,UlkX0gqr3sM,concrete_block_gap,"In between concrete blocks, on soil and dry leaves.",high,1.0,end6 contact sheet,in_between,on,concrete,soil,leaves,mixed_edge,concrete+soil,seam_gap,5,Check the seam or narrow gap in between the concrete before scanning open ground.,"SG60 silver coin. coin 66. spot type concrete block gap. positions in_between on. objects concrete soil leaves. environment mixed edge. concealment seam gap. In between concrete blocks, on soil and dry leaves."
sg60_067,SG60,67,QZco4ririmE,stone_base_grass_gap,"In the gap at the base of a red stone seat or wall, beside grass.",high,1.0,end6 contact sheet,at_base,beside,rock,grass,bench,bench_zone,rock+grass,seam_gap,5,Check the seam or narrow gap at the base of the rock before scanning open ground.,"SG60 silver coin. coin 67. spot type stone base grass gap. positions at_base beside. objects rock grass bench. environment bench zone. concealment seam gap. In the gap at the base of a red stone seat or wall, beside grass."
sg60_068,SG60,68,zF2aZNjevXM,playground_panel_bolt,Under the seam bolt of an orange playground tunnel panel.,high,1.0,end12_24 plus end6 contact sheets,under,,playground,panel,,playground,metal,seam_gap,5,Check the seam or narrow gap under the playground before scanning open ground.,SG60 silver coin. coin 68. spot type playground panel bolt. positions under. objects playground panel. environment playground. concealment seam gap. Under the seam bolt of an orange playground tunnel panel.
sg60_069,SG60,69,lfaXx_2zsT0,curb_grass_gap,In the grass gap beside a concrete kerb block.,high,1.0,end6 contact sheet,beside,,kerb,grass,concrete,mixed_edge,concrete+grass,seam_gap,5,Check the seam or narrow gap beside the kerb before scanning open ground.,SG60 silver coin. coin 69. spot type curb grass gap. positions beside. objects kerb grass concrete. environment mixed edge. concealment seam gap. In the grass gap beside a concrete kerb block.
sg60_070,SG60,70,qPKss6b2w8I,step_seam,"In the narrow seam under a concrete step or ledge, on gravel.",high,1.0,end6 contact sheet,under,on,concrete,rock,,mixed_edge,concrete+rock,seam_gap,5,Check the seam or narrow gap under the concrete before scanning open ground.,"SG60 silver coin. coin 70. spot type step seam. positions under on. objects concrete rock. environment mixed edge. concealment seam gap. In the narrow seam under a concrete step or ledge, on gravel."
sg60_071,SG60,71,-udvHINeWdM,signboard_leaf_litter,"Under dry leaves, beside the black signboard panel and hedge.",medium,0.7,end12_24 plus end6 contact sheets,under,beside,signboard,leaves,panel,structure_edge,leaf_litter+metal,underside,4,"Check underneath the signboard first, then inspect the nearest edge and floor seam.","SG60 silver coin. coin 71. spot type signboard leaf litter. positions under beside. objects signboard leaves panel. environment structure edge. concealment underside. Under dry leaves, beside the black signboard panel and hedge."
sg60_072,SG60,72,8x8JBL9cddE,brick_mulch_seam,"In between the red brick border and planting bed, under roots and mulch.",high,1.0,end6 contact sheet,in_between,under,brick,soil,planter,landscape_edge,brick+soil,seam_gap,5,Check the seam or narrow gap in between the brick before scanning open ground.,"SG60 silver coin. coin 72. spot type brick mulch seam. positions in_between under. objects brick soil planter. environment landscape edge. concealment seam gap. In between the red brick border and planting bed, under roots and mulch."
sg60_073,SG60,73,TQNPMjgjVCM,paver_planter_gap,"In the planter gap beside brick pavers, under rocks and dry leaves.",high,1.0,end6 contact sheet,beside,under,paver,planter,brick,landscape_edge,tile+brick,seam_gap,5,Check the seam or narrow gap beside the paver before scanning open ground.,"SG60 silver coin. coin 73. spot type paver planter gap. positions beside under. objects paver planter brick. environment landscape edge. concealment seam gap. In the planter gap beside brick pavers, under rocks and dry leaves."
sg60_074,SG60,74,EEZVOYZhNuU,perforated_panel_floor_gap,"Behind a perforated metal panel, on the concrete floor seam at the base.",high,1.0,end12_24 plus end6 contact sheets,behind,on,panel,concrete,,structure_edge,metal+concrete,seam_gap,5,Check the seam or narrow gap behind the panel before scanning open ground.,"SG60 silver coin. coin 74. spot type perforated panel floor gap. positions behind on. objects panel concrete. environment structure edge. concealment seam gap. Behind a perforated metal panel, on the concrete floor seam at the base."
sg60_076,SG60,76,-sVFN7VRj9g,curb_hedge_leaf_litter,"In between the concrete kerb and hedge border, under dry leaves.",high,1.0,end6 contact sheet,in_between,under,kerb,hedge,leaves,landscape_edge,concrete+leaf_litter,underside,5,"Check underneath the kerb first, then inspect the nearest edge and floor seam.","SG60 silver coin. coin 76. spot type curb hedge leaf litter. positions in_between under. objects kerb hedge leaves. environment landscape edge. concealment underside. In between the concrete kerb and hedge border, under dry leaves."
sg60_077,SG60,77,m7Wq5ONDuW0,stone_kerb_gap,"In between rocks and the concrete kerb, under dry leaves.",high,1.0,end6 contact sheet,in_between,under,rock,kerb,concrete,mixed_edge,rock+concrete,seam_gap,5,Check the seam or narrow gap in between the rock before scanning open ground.,"SG60 silver coin. coin 77. spot type stone kerb gap. positions in_between under. objects rock kerb concrete. environment mixed edge. concealment seam gap. In between rocks and the concrete kerb, under dry leaves."
sg60_078,SG60,78,Jg3NqxnQ2JA,fence_base_gravel_strip,"In the gravel strip behind a slanted metal gate or fence panel, beside concrete pavers.",high,1.0,end12_24 plus end6 contact sheets,behind,beside,fence,rock,panel,structure_edge,rock+metal,behind_object,4,Check behind the fence and along the base where debris collects.,"SG60 silver coin. coin 78. spot type fence base gravel strip. positions behind beside. objects fence rock panel. environment structure edge. concealment behind object. In the gravel strip behind a slanted metal gate or fence panel, beside concrete pavers."
sg60_079,SG60,79,IW53sWHmtSo,stone_kerb_edge,"In between the stone kerb and pebbles, beside the path edge.",high,1.0,end6 contact sheet,in_between,beside,rock,kerb,paver,walkway_edge,rock+concrete,edge_hide,4,Start in between the rock and inspect the nearest edge before checking open ground.,"SG60 silver coin. coin 79. spot type stone kerb edge. positions in_between beside. objects rock kerb paver. environment walkway edge. concealment edge hide. In between the stone kerb and pebbles, beside the path edge."
sg60_080,SG60,80,xPpiC7BFbJg,tree_base_leaf_litter,"Under dry leaves at the base of a clump of slim tree trunks, on soil.",medium,0.7,end12_24 plus end6 contact sheets,under,at_base,tree,leaves,soil,landscape_edge,leaf_litter+soil,underside,4,"Check underneath the tree first, then inspect the nearest edge and floor seam.","SG60 silver coin. coin 80. spot type tree base leaf litter. positions under at_base. objects tree leaves soil. environment landscape edge. concealment underside. Under dry leaves at the base of a clump of slim tree trunks, on soil."
sg60_081,SG60,81,anulzMTh02o,grass_grid_paver_gap,"Under the edge of a grass grid paver, on soil below the concrete cell.",high,1.0,full48 plus end12_24 contact sheets,under,on,grass,paver,soil,walkway_edge,grass+tile,seam_gap,5,Check the seam or narrow gap under the grass before scanning open ground.,"SG60 silver coin. coin 81. spot type grass grid paver gap. positions under on. objects grass paver soil. environment walkway edge. concealment seam gap. Under the edge of a grass grid paver, on soil below the concrete cell."
sg60_082,SG60,82,FqaMm7wFq70,stone_panel_gap,"Inside the gap between a stone ledge and dark panel, among grass and rubble.",high,1.0,end6 contact sheet,inside,in_between,rock,panel,concrete,structure_edge,rock+metal,seam_gap,5,Check the seam or narrow gap inside the rock before scanning open ground.,"SG60 silver coin. coin 82. spot type stone panel gap. positions inside in_between. objects rock panel concrete. environment structure edge. concealment seam gap. Inside the gap between a stone ledge and dark panel, among grass and rubble."
sg60_083,SG60,83,O9HOmbFcpQo,drainage_slot,"Inside the narrow drainage slot beside the concrete curb, next to the metal cover.",high,1.0,end12_24 plus end6 contact sheets,inside,beside,drain,concrete,kerb,utility_edge,concrete+metal,seam_gap,5,Check the seam or narrow gap inside the drain before scanning open ground.,"SG60 silver coin. coin 83. spot type drainage slot. positions inside beside. objects drain concrete kerb. environment utility edge. concealment seam gap. Inside the narrow drainage slot beside the concrete curb, next to the metal cover."
sg60_084,SG60,84,95RK_SGccxM,curb_leaf_litter,Under dry leaves at the concrete curb edge beside the path.,high,1.0,end12_24 plus end6 contact sheets,under,beside,kerb,leaves,concrete,walkway_edge,concrete+leaf_litter,underside,5,"Check underneath the kerb first, then inspect the nearest edge and floor seam.",SG60 silver coin. coin 84. spot type curb leaf litter. positions under beside. objects kerb leaves concrete. environment walkway edge. concealment underside. Under dry leaves at the concrete curb edge beside the path.
sg60_085,SG60,85,xpCdS0R65No,perforated_ramp_gap,"Under a perforated metal ramp or stair panel, beside the beam seam.",high,1.0,end12_24 plus end6 contact sheets,under,beside,concrete,panel,,structure_edge,metal,seam_gap,5,Check the seam or narrow gap under the concrete before scanning open ground.,"SG60 silver coin. coin 85. spot type perforated ramp gap. positions under beside. objects concrete panel. environment structure edge. concealment seam gap. Under a perforated metal ramp or stair panel, beside the beam seam."
sg60_086,SG60,86,QbMa1cv9aT4,planter_shrub_gap,"Inside the planter gap beside shrub stems, on leaf litter and debris.",high,1.0,end6 contact sheet,inside,beside,planter,hedge,leaves,landscape_edge,leaf_litter,seam_gap,5,Check the seam or narrow gap inside the planter before scanning open ground.,"SG60 silver coin. coin 86. spot type planter shrub gap. positions inside beside. objects planter hedge leaves. environment landscape edge. concealment seam gap. Inside the planter gap beside shrub stems, on leaf litter and debris."
sg60_087,SG60,87,lFIY3_s1I7g,grass_edge_crack,In the grass-lined crack beside a concrete edge.,high,1.0,end6 contact sheet,beside,,grass,concrete,,mixed_edge,grass+concrete,seam_gap,5,Check the seam or narrow gap beside the grass before scanning open ground.,SG60 silver coin. coin 87. spot type grass edge crack. positions beside. objects grass concrete. environment mixed edge. concealment seam gap. In the grass-lined crack beside a concrete edge.
sg60_089,SG60,89,5w9mMW27g3I,grass_patch_hole,"Inside a small hole in the grass, on bare soil.",high,1.0,end6 contact sheet,inside,on,grass,soil,,mixed_edge,grass+soil,hole_opening,5,Start inside the grass and inspect the nearest edge before checking open ground.,"SG60 silver coin. coin 89. spot type grass patch hole. positions inside on. objects grass soil. environment mixed edge. concealment hole opening. Inside a small hole in the grass, on bare soil."
sg60_090,SG60,90,UpffYlUADG8,grass_slope_patch,"On the grass slope, beside a fallen branch.",low,0.4,end12_24 plus end6 contact sheets,on,beside,grass,,,mixed_edge,grass,natural_cover,2,"Check under leaves, roots, or groundcover beside the grass before searching open pavement.","SG60 silver coin. coin 90. spot type grass slope patch. positions on beside. objects grass. environment mixed edge. concealment natural cover. On the grass slope, beside a fallen branch."
sg60_091,SG60,91,_7Cibeu-TVM,bench_armrest_gap,"Inside the metal bench armrest or side support gap, beside the bag.",high,1.0,end6 contact sheet,inside,beside,bench,,,bench_zone,metal,seam_gap,5,Check the seam or narrow gap inside the bench before scanning open ground.,"SG60 silver coin. coin 91. spot type bench armrest gap. positions inside beside. objects bench. environment bench zone. concealment seam gap. Inside the metal bench armrest or side support gap, beside the bag."
sg60_093,SG60,93,zzDhnBAcUQY,brick_border_gap,"In between the red brick border and the hedge-side stone edge, under leaves.",high,1.0,end12_24 plus end6 contact sheets,in_between,under,brick,hedge,rock,landscape_edge,brick+rock,seam_gap,5,Check the seam or narrow gap in between the brick before scanning open ground.,"SG60 silver coin. coin 93. spot type brick border gap. positions in_between under. objects brick hedge rock. environment landscape edge. concealment seam gap. In between the red brick border and the hedge-side stone edge, under leaves."
sg60_094,SG60,94,NrA7S7yS_0s,bench_underside_gap,"Under the wooden bench seat, behind the front support bar.",high,1.0,end6 contact sheet,under,behind,bench,wood,,bench_zone,wood,seam_gap,5,Check the seam or narrow gap under the bench before scanning open ground.,"SG60 silver coin. coin 94. spot type bench underside gap. positions under behind. objects bench wood. environment bench zone. concealment seam gap. Under the wooden bench seat, behind the front support bar."
sg60_095,SG60,95,2e8gj9imhaE,bench_armrest_gap,Inside the metal bench armrest or side support gap.,high,1.0,end12_24 plus end6 contact sheets,inside,,bench,,,bench_zone,metal,seam_gap,5,Check the seam or narrow gap inside the bench before scanning open ground.,SG60 silver coin. coin 95. spot type bench armrest gap. positions inside. objects bench. environment bench zone. concealment seam gap. Inside the metal bench armrest or side support gap.
sg60_096,SG60,96,Tey6RdMfh-g,planter_branch_gap,"Inside the planter bed, under twigs beside the edging strip.",high,1.0,end6 contact sheet,inside,under,planter,,,landscape_edge,mixed,seam_gap,5,Check the seam or narrow gap inside the planter before scanning open ground.,"SG60 silver coin. coin 96. spot type planter branch gap. positions inside under. objects planter. environment landscape edge. concealment seam gap. Inside the planter bed, under twigs beside the edging strip."
sg60_097,SG60,97,qw1D8pd9yzs,drain_grate_kerb_edge,"Beside the linear drain grate, under the concrete kerb edge.",medium,0.7,end12_24 plus end6 contact sheets,beside,under,drain,kerb,concrete,utility_edge,metal+concrete,underside,4,"Check underneath the drain first, then inspect the nearest edge and floor seam.","SG60 silver coin. coin 97. spot type drain grate kerb edge. positions beside under. objects drain kerb concrete. environment utility edge. concealment underside. Beside the linear drain grate, under the concrete kerb edge."
sg60_098,SG60,98,57Og8d3ueTU,ledge_grass_gap,"In between the concrete ledge and grass, on soil and small rocks.",high,1.0,end6 contact sheet,in_between,on,concrete,grass,soil,mixed_edge,concrete+grass,seam_gap,5,Check the seam or narrow gap in between the concrete before scanning open ground.,"SG60 silver coin. coin 98. spot type ledge grass gap. positions in_between on. objects concrete grass soil. environment mixed edge. concealment seam gap. In between the concrete ledge and grass, on soil and small rocks."
sg60_099,SG60,99,SF4VsRiVwUw,grass_hole,"Inside a small hole in the grass, on bare soil.",high,1.0,end6 contact sheet,inside,on,grass,soil,,mixed_edge,grass+soil,hole_opening,5,Start inside the grass and inspect the nearest edge before checking open ground.,"SG60 silver coin. coin 99. spot type grass hole. positions inside on. objects grass soil. environment mixed edge. concealment hole opening. Inside a small hole in the grass, on bare soil."
sg60_100,SG60,100,BxIQngkx9bU,retaining_wall_hole,"Inside a hole under the concrete retaining wall edge, among weeds.",high,1.0,end6 contact sheet,inside,under,wall,concrete,,structure_edge,concrete,hole_opening,5,Start inside the wall and inspect the nearest edge before checking open ground.,"SG60 silver coin. coin 100. spot type retaining wall hole. positions inside under. objects wall concrete. environment structure edge. concealment hole opening. Inside a hole under the concrete retaining wall edge, among weeds."
sg60_101,SG60,101,XZ65bYSGYB0,lamp_post_footing_gap,"Under the concrete footing of a lamp post or pole base, inside the groundcover.",high,1.0,end12_24 plus full12 contact sheets,under,inside,lamp_post,concrete,hedge,landscape_edge,concrete,seam_gap,5,Check the seam or narrow gap under the lamp post before scanning open ground.,"SG60 silver coin. coin 101. spot type lamp post footing gap. positions under inside. objects lamp_post concrete hedge. environment landscape edge. concealment seam gap. Under the concrete footing of a lamp post or pole base, inside the groundcover."
sg60_102,SG60,102,fMdnTSY5hGs,rock_gap_leaf_litter,"In between rocks, under dry leaves beside the concrete edge.",high,1.0,end6 contact sheet,in_between,under,rock,leaves,concrete,mixed_edge,rock+leaf_litter,seam_gap,5,Check the seam or narrow gap in between the rock before scanning open ground.,"SG60 silver coin. coin 102. spot type rock gap leaf litter. positions in_between under. objects rock leaves concrete. environment mixed edge. concealment seam gap. In between rocks, under dry leaves beside the concrete edge."
sg60_103,SG60,103,cZDZxEcD06I,bench_slat_gap,"In between the wooden bench slats, above the support frame.",high,1.0,end6 contact sheet,in_between,above,bench,wood,,bench_zone,wood,seam_gap,5,Check the seam or narrow gap in between the bench before scanning open ground.,"SG60 silver coin. coin 103. spot type bench slat gap. positions in_between above. objects bench wood. environment bench zone. concealment seam gap. In between the wooden bench slats, above the support frame."
sg60_104,SG60,104,m4khvdUbrNk,paver_edge_leaf_litter,"Under the edge of a concrete paver, among dry leaves and roots.",high,1.0,end6 contact sheet,under,,paver,leaves,concrete,walkway_edge,tile+leaf_litter,underside,5,"Check underneath the paver first, then inspect the nearest edge and floor seam.","SG60 silver coin. coin 104. spot type paver edge leaf litter. positions under. objects paver leaves concrete. environment walkway edge. concealment underside. Under the edge of a concrete paver, among dry leaves and roots."
sg60_105,SG60,105,jlQEoSxeFxc,concrete_crack,In a narrow concrete crack on the pavement.,high,1.0,end6 contact sheet,on,,concrete,paver,,walkway_edge,concrete+tile,seam_gap,5,Check the seam or narrow gap on the concrete before scanning open ground.,SG60 silver coin. coin 105. spot type concrete crack. positions on. objects concrete paver. environment walkway edge. concealment seam gap. In a narrow concrete crack on the pavement.
sg60_106,SG60,106,ebO7jsKGJ90,hedge_groundcover,"Under hedge groundcover leaves, on soil at the planter edge.",high,1.0,end6 contact sheet,under,on,hedge,utility_cover,leaves,utility_edge,leaf_litter+soil,underside,5,"Check underneath the hedge first, then inspect the nearest edge and floor seam.","SG60 silver coin. coin 106. spot type hedge groundcover. positions under on. objects hedge utility_cover leaves. environment utility edge. concealment underside. Under hedge groundcover leaves, on soil at the planter edge."
singapore_001,Singapore,1,oU5vGUmo_iU,utility_cover_edge,"In the crack beside a round concrete manhole or utility cover, beside grass.",high,1.0,end6 contact sheet,beside,,utility_cover,concrete,grass,utility_edge,concrete+grass,seam_gap,5,Check the seam or narrow gap beside the utility cover before scanning open ground.,"Singapore silver coin. coin 1. spot type utility cover edge. positions beside. objects utility_cover concrete grass. environment utility edge. concealment seam gap. In the crack beside a round concrete manhole or utility cover, beside grass."
singapore_002,Singapore,2,QYwr0mSeQR0,pipe_gap,"Behind a large white pipe, in between the pipe and concrete slab or wall.",high,1.0,full1 plus end10 contact sheets,behind,in_between,pipe,concrete,wall,utility_edge,metal+concrete,seam_gap,5,Check the seam or narrow gap behind the pipe before scanning open ground.,"Singapore silver coin. coin 2. spot type pipe gap. positions behind in_between. objects pipe concrete wall. environment utility edge. concealment seam gap. Behind a large white pipe, in between the pipe and concrete slab or wall."
singapore_003,Singapore,3,ZuYCJtKepmg,rock_base,"Beside a small concrete or rock block, on top of soil and under grass cover.",medium,0.7,end6 contact sheet,beside,on_top,rock,concrete,soil,mixed_edge,rock+concrete,edge_hide,3,Start beside the rock and inspect the nearest edge before checking open ground.,"Singapore silver coin. coin 3. spot type rock base. positions beside on_top. objects rock concrete soil. environment mixed edge. concealment edge hide. Beside a small concrete or rock block, on top of soil and under grass cover."
singapore_004,Singapore,4,LidgzIgiquE,stair_railing_corner,"In between the stair edge and metal railing base, on the concrete landing.",high,1.0,end6 contact sheet,in_between,on,concrete,railing,,structure_edge,metal+concrete,edge_hide,4,Start in between the concrete and inspect the nearest edge before checking open ground.,"Singapore silver coin. coin 4. spot type stair railing corner. positions in_between on. objects concrete railing. environment structure edge. concealment edge hide. In between the stair edge and metal railing base, on the concrete landing."
singapore_005,Singapore,5,b4JIem7lUn8,planter_leaf_litter,"Under leaves, beside concrete, at the edge of a planter bed.",medium,0.7,end6 contact sheet,under,beside,planter,leaves,concrete,landscape_edge,leaf_litter+concrete,underside,4,"Check underneath the planter first, then inspect the nearest edge and floor seam.","Singapore silver coin. coin 5. spot type planter leaf litter. positions under beside. objects planter leaves concrete. environment landscape edge. concealment underside. Under leaves, beside concrete, at the edge of a planter bed."
singapore_006,Singapore,6,R90RupEizx8,column_base_gap,"Beside a brick pillar, at floor level, in the concrete gap at the base.",high,1.0,full05 plus end6 contact sheets,beside,,column,brick,concrete,structure_edge,brick+concrete,seam_gap,5,Check the seam or narrow gap beside the column before scanning open ground.,"Singapore silver coin. coin 6. spot type column base gap. positions beside. objects column brick concrete. environment structure edge. concealment seam gap. Beside a brick pillar, at floor level, in the concrete gap at the base."
singapore_007,Singapore,7,K7x9hL4Xj74,hollow_fixture,"Inside a hollow white fixture or cap, below the rim.",high,1.0,full05 plus end6 contact sheets,inside,below,,,,mixed_edge,mixed,underside,5,"Check underneath the structure first, then inspect the nearest edge and floor seam.","Singapore silver coin. coin 7. spot type hollow fixture. positions inside below. objects mixed. environment mixed edge. concealment underside. Inside a hollow white fixture or cap, below the rim."
singapore_008,Singapore,8,1CTFltr5Rds,pipe_base_edge,"Beside a grey pipe or utility base, on the pebble concrete floor, against the wall.",high,1.0,end6 contact sheet,beside,on,pipe,utility_cover,concrete,utility_edge,metal+concrete,edge_hide,4,Start beside the pipe and inspect the nearest edge before checking open ground.,"Singapore silver coin. coin 8. spot type pipe base edge. positions beside on. objects pipe utility_cover concrete. environment utility edge. concealment edge hide. Beside a grey pipe or utility base, on the pebble concrete floor, against the wall."
singapore_009,Singapore,9,CPsya-A3quk,brick_border_gap,"In between red bricks, along the brick border beside the walkway.",high,1.0,end6 contact sheet,in_between,beside,brick,paver,,walkway_edge,brick+tile,seam_gap,5,Check the seam or narrow gap in between the brick before scanning open ground.,"Singapore silver coin. coin 9. spot type brick border gap. positions in_between beside. objects brick paver. environment walkway edge. concealment seam gap. In between red bricks, along the brick border beside the walkway."
singapore_010,Singapore,10,Wsp6XLmR8Co,planter_corner_gap,"In the planter corner, between concrete edges, under leaves and beside groundcover.",high,1.0,end6 contact sheet,in_corner,in_between,planter,concrete,leaves,landscape_edge,concrete+leaf_litter,seam_gap,5,Check the seam or narrow gap in the corner of the planter before scanning open ground.,"Singapore silver coin. coin 10. spot type planter corner gap. positions in_corner in_between. objects planter concrete leaves. environment landscape edge. concealment seam gap. In the planter corner, between concrete edges, under leaves and beside groundcover."
singapore_011,Singapore,11,2BV4KbtVa5Y,foliage_wall_base,"Under foliage, beside a low brick wall, on soil at the wall base.",medium,0.7,end6 contact sheet,under,beside,wall,brick,soil,structure_edge,brick+soil,underside,4,"Check underneath the wall first, then inspect the nearest edge and floor seam.","Singapore silver coin. coin 11. spot type foliage wall base. positions under beside. objects wall brick soil. environment structure edge. concealment underside. Under foliage, beside a low brick wall, on soil at the wall base."
singapore_012,Singapore,12,H3dOYRce8CE,ledge_shrub_edge,"Under a low concrete ledge, beside shrubs and leaves.",medium,0.7,full05 plus end6 contact sheets,under,beside,concrete,hedge,leaves,landscape_edge,concrete+leaf_litter,underside,4,"Check underneath the concrete first, then inspect the nearest edge and floor seam.","Singapore silver coin. coin 12. spot type ledge shrub edge. positions under beside. objects concrete hedge leaves. environment landscape edge. concealment underside. Under a low concrete ledge, beside shrubs and leaves."
singapore_013,Singapore,13,EeEDdDbaZCU,bench_underside,"Under a green bench, below the seat panel.",high,1.0,user correction plus end6 contact sheet,under,below,bench,panel,,bench_zone,metal,underside,5,"Check underneath the bench first, then inspect the nearest edge and floor seam.","Singapore silver coin. coin 13. spot type bench underside. positions under below. objects bench panel. environment bench zone. concealment underside. Under a green bench, below the seat panel."
singapore_014,Singapore,14,GF40nA3H9Is,grass_block_edge,"Beside a narrow concrete block, below grass level, near a drain edge.",medium,0.7,end6 contact sheet,beside,below,grass,concrete,drain,utility_edge,grass+concrete,underside,4,"Check underneath the grass first, then inspect the nearest edge and floor seam.","Singapore silver coin. coin 14. spot type grass block edge. positions beside below. objects grass concrete drain. environment utility edge. concealment underside. Beside a narrow concrete block, below grass level, near a drain edge."
singapore_015,Singapore,15,--oON0QUFi0,underside_beam_gap,"Under a low concrete bench or beam, inside the underside gap.",medium,0.7,end6 contact sheet,under,inside,concrete,bench,,bench_zone,concrete,seam_gap,4,Check the seam or narrow gap under the concrete before scanning open ground.,"Singapore silver coin. coin 15. spot type underside beam gap. positions under inside. objects concrete bench. environment bench zone. concealment seam gap. Under a low concrete bench or beam, inside the underside gap."
singapore_016,Singapore,16,Ab7Grf8Ws1Q,planter_wall_seam,"In between the planter wall and wooden planks, inside the floor seam.",high,1.0,end6 contact sheet,in_between,inside,planter,wall,wood,landscape_edge,wood,seam_gap,5,Check the seam or narrow gap in between the planter before scanning open ground.,"Singapore silver coin. coin 16. spot type planter wall seam. positions in_between inside. objects planter wall wood. environment landscape edge. concealment seam gap. In between the planter wall and wooden planks, inside the floor seam."
singapore_017,Singapore,17,6SGVBTrmMik,pipe_post_base,"Beside a black pipe or post, at the base on concrete.",medium,0.7,end6 contact sheet,beside,on,pipe,concrete,,utility_edge,metal+concrete,edge_hide,3,Start beside the pipe and inspect the nearest edge before checking open ground.,"Singapore silver coin. coin 17. spot type pipe post base. positions beside on. objects pipe concrete. environment utility edge. concealment edge hide. Beside a black pipe or post, at the base on concrete."
singapore_018,Singapore,18,Lk8MaFk1n5M,bench_leaf_litter,"Under and behind a bench, inside the fern bed, covered by leaves and plants.",high,1.0,full1 plus end10 plus end6 contact sheets,under,behind,bench,leaves,utility_cover,bench_zone,leaf_litter,underside,5,"Check underneath the bench first, then inspect the nearest edge and floor seam.","Singapore silver coin. coin 18. spot type bench leaf litter. positions under behind. objects bench leaves utility_cover. environment bench zone. concealment underside. Under and behind a bench, inside the fern bed, covered by leaves and plants."
singapore_019,Singapore,19,-x_nds_9rrA,pipe_base_gap,"Beside or behind a black cylindrical post, at the base on the void-deck floor.",low,0.4,end6 contact sheet,beside,behind,pipe,,,utility_edge,metal,seam_gap,3,Check the seam or narrow gap beside the pipe before scanning open ground.,"Singapore silver coin. coin 19. spot type pipe base gap. positions beside behind. objects pipe. environment utility edge. concealment seam gap. Beside or behind a black cylindrical post, at the base on the void-deck floor."
singapore_020,Singapore,20,V9ekSc2FE08,drainpipe_elbow,"Behind and below a white drainpipe elbow, beside a pillar on concrete.",high,1.0,end6 contact sheet,behind,below,pipe,drain,column,utility_edge,metal+concrete,underside,5,"Check underneath the pipe first, then inspect the nearest edge and floor seam.","Singapore silver coin. coin 20. spot type drainpipe elbow. positions behind below. objects pipe drain column. environment utility edge. concealment underside. Behind and below a white drainpipe elbow, beside a pillar on concrete."
singapore_021,Singapore,21,CbrQ15hE164,panel_support_corner,"In the corner beside a perforated metal panel support, between the support and concrete floor.",high,1.0,end6 contact sheet,in_corner,beside,panel,concrete,,structure_edge,metal+concrete,edge_hide,4,Start in the corner of the panel and inspect the nearest edge before checking open ground.,"Singapore silver coin. coin 21. spot type panel support corner. positions in_corner beside. objects panel concrete. environment structure edge. concealment edge hide. In the corner beside a perforated metal panel support, between the support and concrete floor."
singapore_022,Singapore,22,gBCcOZ5-zCM,brick_grass_seam,"Beside the brick wall edging, on the grass slope, in a soil patch.",medium,0.7,end6 contact sheet,beside,on,brick,grass,wall,structure_edge,brick+grass,seam_gap,4,Check the seam or narrow gap beside the brick before scanning open ground.,"Singapore silver coin. coin 22. spot type brick grass seam. positions beside on. objects brick grass wall. environment structure edge. concealment seam gap. Beside the brick wall edging, on the grass slope, in a soil patch."
singapore_023,Singapore,23,8PbCjYtw3Fw,signboard_base,"Beside the signboard base, on grass at the bottom edge.",high,1.0,end6 contact sheet,beside,on,signboard,grass,,structure_edge,grass,natural_cover,3,"Check under leaves, roots, or groundcover beside the signboard before searching open pavement.","Singapore silver coin. coin 23. spot type signboard base. positions beside on. objects signboard grass. environment structure edge. concealment natural cover. Beside the signboard base, on grass at the bottom edge."
singapore_024,Singapore,24,gYp4-yeVS2w,bench_underside,"Under a blue bench, below the seat panel.",high,1.0,user correction plus end6 contact sheet,under,below,bench,panel,,bench_zone,metal,underside,5,"Check underneath the bench first, then inspect the nearest edge and floor seam.","Singapore silver coin. coin 24. spot type bench underside. positions under below. objects bench panel. environment bench zone. concealment underside. Under a blue bench, below the seat panel."
singapore_025,Singapore,25,OpU06YLA55A,drain_grass_edge,"Beside a drain grate, on soil at the grass edge, under small leaves.",high,1.0,end6 contact sheet,beside,on,drain,grass,soil,utility_edge,grass+metal,natural_cover,3,"Check under leaves, roots, or groundcover beside the drain before searching open pavement.","Singapore silver coin. coin 25. spot type drain grass edge. positions beside on. objects drain grass soil. environment utility edge. concealment natural cover. Beside a drain grate, on soil at the grass edge, under small leaves."
singapore_026,Singapore,26,ZwwcIszrb_8,bench_underside,"Under a black bench, below the seat panel, beside grass.",high,1.0,full1 plus end6 contact sheets,under,below,bench,panel,grass,bench_zone,metal+grass,underside,5,"Check underneath the bench first, then inspect the nearest edge and floor seam.","Singapore silver coin. coin 26. spot type bench underside. positions under below. objects bench panel grass. environment bench zone. concealment underside. Under a black bench, below the seat panel, beside grass."
singapore_027,Singapore,27,STosuIpHXps,bench_support_gap,"Behind a metal bench support, in between the bench and wall, on concrete.",high,1.0,full1 plus end6 contact sheets,behind,in_between,bench,wall,concrete,bench_zone,metal+concrete,seam_gap,5,Check the seam or narrow gap behind the bench before scanning open ground.,"Singapore silver coin. coin 27. spot type bench support gap. positions behind in_between. objects bench wall concrete. environment bench zone. concealment seam gap. Behind a metal bench support, in between the bench and wall, on concrete."
singapore_028,Singapore,28,sT7fDNfaIfI,planter_wall_opening,"Inside a narrow opening in a concrete planter wall, beside soil and plant leaves.",high,1.0,full1 plus end6 contact sheets,inside,beside,planter,wall,concrete,landscape_edge,concrete+soil,hole_opening,5,Start inside the planter and inspect the nearest edge before checking open ground.,"Singapore silver coin. coin 28. spot type planter wall opening. positions inside beside. objects planter wall concrete. environment landscape edge. concealment hole opening. Inside a narrow opening in a concrete planter wall, beside soil and plant leaves."
singapore_029,Singapore,29,HLXnWdx24eY,fence_curb_leaf_litter,"Under wet leaves, beside a green fence, on the curb edge.",high,1.0,end6 contact sheet,under,beside,fence,kerb,leaves,structure_edge,concrete+leaf_litter,underside,5,"Check underneath the fence first, then inspect the nearest edge and floor seam.","Singapore silver coin. coin 29. spot type fence curb leaf litter. positions under beside. objects fence kerb leaves. environment structure edge. concealment underside. Under wet leaves, beside a green fence, on the curb edge."
singapore_030,Singapore,30,LMYIbU57uwM,roots_curb_edge,"Under twigs and roots, beside a green fence, against the concrete curb.",high,1.0,end6 contact sheet,under,beside,tree,kerb,fence,landscape_edge,concrete,underside,5,"Check underneath the tree first, then inspect the nearest edge and floor seam.","Singapore silver coin. coin 30. spot type roots curb edge. positions under beside. objects tree kerb fence. environment landscape edge. concealment underside. Under twigs and roots, beside a green fence, against the concrete curb."
singapore_031,Singapore,31,8lhGsJdjrMQ,stair_edge_gap,In between the metal stair edge and concrete side wall.,high,1.0,end6 contact sheet,in_between,,concrete,wall,,structure_edge,metal+concrete,seam_gap,5,Check the seam or narrow gap in between the concrete before scanning open ground.,Singapore silver coin. coin 31. spot type stair edge gap. positions in_between. objects concrete wall. environment structure edge. concealment seam gap. In between the metal stair edge and concrete side wall.
singapore_032,Singapore,32,Cxb1MvGZ12o,pipe_gap,"Behind a white drainpipe, in between the pipe and wall.",high,1.0,full1 plus end6 contact sheets,behind,in_between,pipe,drain,wall,utility_edge,metal,seam_gap,5,Check the seam or narrow gap behind the pipe before scanning open ground.,"Singapore silver coin. coin 32. spot type pipe gap. positions behind in_between. objects pipe drain wall. environment utility edge. concealment seam gap. Behind a white drainpipe, in between the pipe and wall."
singapore_033,Singapore,33,li0nCJERVQw,lamp_post_base,"Beside a black lamp post base, in soil and leaves.",high,1.0,end6 contact sheet,beside,,lamp_post,soil,leaves,structure_edge,soil+leaf_litter,natural_cover,3,"Check under leaves, roots, or groundcover beside the lamp post before searching open pavement.","Singapore silver coin. coin 33. spot type lamp post base. positions beside. objects lamp_post soil leaves. environment structure edge. concealment natural cover. Beside a black lamp post base, in soil and leaves."
singapore_034,Singapore,34,jT5t7cmFYUE,brick_concrete_corner,"In between brick and concrete, inside a corner crack beside the wall.",high,1.0,full1 plus end6 contact sheets,in_between,inside,brick,concrete,wall,structure_edge,brick+concrete,seam_gap,5,Check the seam or narrow gap in between the brick before scanning open ground.,"Singapore silver coin. coin 34. spot type brick concrete corner. positions in_between inside. objects brick concrete wall. environment structure edge. concealment seam gap. In between brick and concrete, inside a corner crack beside the wall."
singapore_035,Singapore,35,DtxAM6fQ3jQ,concrete_block_crack,"In between concrete blocks, inside a narrow crack beside leaves.",high,1.0,end6 contact sheet,in_between,inside,concrete,leaves,,mixed_edge,concrete+leaf_litter,seam_gap,5,Check the seam or narrow gap in between the concrete before scanning open ground.,"Singapore silver coin. coin 35. spot type concrete block crack. positions in_between inside. objects concrete leaves. environment mixed edge. concealment seam gap. In between concrete blocks, inside a narrow crack beside leaves."
singapore_036,Singapore,36,jOxQTShB3uA,stone_planter_edge,"Under leaves, beside a white concrete or stone planter edge.",high,1.0,end6 contact sheet,under,beside,rock,planter,leaves,landscape_edge,rock+leaf_litter,underside,5,"Check underneath the rock first, then inspect the nearest edge and floor seam.","Singapore silver coin. coin 36. spot type stone planter edge. positions under beside. objects rock planter leaves. environment landscape edge. concealment underside. Under leaves, beside a white concrete or stone planter edge."
singapore_037,Singapore,37,PVfwhe4dAkw,planter_soil,"Inside a white planter, on soil below a shrub.",high,1.0,end6 contact sheet,inside,on,planter,soil,hedge,landscape_edge,soil,inside_object,5,Check inside the planter opening or recess before sweeping nearby grass or soil.,"Singapore silver coin. coin 37. spot type planter soil. positions inside on. objects planter soil hedge. environment landscape edge. concealment inside object. Inside a white planter, on soil below a shrub."
singapore_038,Singapore,38,TKX9s4gnbTw,brick_wall_gap,"In between red paving bricks and the wall, inside the corner gap.",high,1.0,end6 contact sheet,in_between,inside,brick,wall,,structure_edge,brick,seam_gap,5,Check the seam or narrow gap in between the brick before scanning open ground.,"Singapore silver coin. coin 38. spot type brick wall gap. positions in_between inside. objects brick wall. environment structure edge. concealment seam gap. In between red paving bricks and the wall, inside the corner gap."
singapore_039,Singapore,39,ItYuVF1UP_I,slab_block_gap,"In between a loose concrete block and a long concrete slab, on grass.",high,1.0,full1 plus end6 contact sheets,in_between,on,concrete,grass,,mixed_edge,concrete+grass,seam_gap,5,Check the seam or narrow gap in between the concrete before scanning open ground.,"Singapore silver coin. coin 39. spot type slab block gap. positions in_between on. objects concrete grass. environment mixed edge. concealment seam gap. In between a loose concrete block and a long concrete slab, on grass."
singapore_040,Singapore,40,8tvZt5LCuAw,concrete_block_gap,"In between rough concrete blocks, beside a brick curb or ledge.",high,1.0,full1 plus end6 contact sheets,in_between,beside,concrete,brick,kerb,mixed_edge,concrete+brick,seam_gap,5,Check the seam or narrow gap in between the concrete before scanning open ground.,"Singapore silver coin. coin 40. spot type concrete block gap. positions in_between beside. objects concrete brick kerb. environment mixed edge. concealment seam gap. In between rough concrete blocks, beside a brick curb or ledge."
singapore_041,Singapore,41,SfK51g-6IWI,pipe_gap,"Behind a white drainpipe, beside a pillar, on the floor.",high,1.0,end6 contact sheet,behind,beside,pipe,drain,column,utility_edge,metal,seam_gap,5,Check the seam or narrow gap behind the pipe before scanning open ground.,"Singapore silver coin. coin 41. spot type pipe gap. positions behind beside. objects pipe drain column. environment utility edge. concealment seam gap. Behind a white drainpipe, beside a pillar, on the floor."
singapore_042,Singapore,42,Q_vp5KtOenk,lamp_post_base_plants,"Under strap leaves, beside a lamp post base, above the concrete footing.",high,1.0,full1 plus end6 contact sheets,under,beside,lamp_post,leaves,concrete,structure_edge,leaf_litter+concrete,underside,5,"Check underneath the lamp post first, then inspect the nearest edge and floor seam.","Singapore silver coin. coin 42. spot type lamp post base plants. positions under beside. objects lamp_post leaves concrete. environment structure edge. concealment underside. Under strap leaves, beside a lamp post base, above the concrete footing."
singapore_043,Singapore,43,S8kG06nVMUw,curb_drain_gap,"In between the concrete curb and metal drain cover, beside grass.",high,1.0,end6 contact sheet,in_between,beside,kerb,drain,concrete,utility_edge,concrete+metal,seam_gap,5,Check the seam or narrow gap in between the kerb before scanning open ground.,"Singapore silver coin. coin 43. spot type curb drain gap. positions in_between beside. objects kerb drain concrete. environment utility edge. concealment seam gap. In between the concrete curb and metal drain cover, beside grass."
singapore_044,Singapore,44,TFO3rh4-SNI,lamp_post_base,"Beside a lamp post base, on soil under leaves.",high,1.0,end6 contact sheet,beside,on,lamp_post,soil,leaves,structure_edge,soil+leaf_litter,natural_cover,3,"Check under leaves, roots, or groundcover beside the lamp post before searching open pavement.","Singapore silver coin. coin 44. spot type lamp post base. positions beside on. objects lamp_post soil leaves. environment structure edge. concealment natural cover. Beside a lamp post base, on soil under leaves."
singapore_045,Singapore,45,YKv5xKHNuGg,walkway_planter_crack,"In the crack beside a pebble-wash walkway, on soil at the planter edge.",high,1.0,end6 contact sheet,beside,on,paver,planter,soil,landscape_edge,tile+soil,seam_gap,5,Check the seam or narrow gap beside the paver before scanning open ground.,"Singapore silver coin. coin 45. spot type walkway planter crack. positions beside on. objects paver planter soil. environment landscape edge. concealment seam gap. In the crack beside a pebble-wash walkway, on soil at the planter edge."
singapore_046,Singapore,46,_FhdF9idORc,hedge_drain_edge,"Beside a drain grate, under leaves, at the hedge border.",high,1.0,end6 contact sheet,beside,under,hedge,drain,leaves,utility_edge,metal+leaf_litter,underside,5,"Check underneath the hedge first, then inspect the nearest edge and floor seam.","Singapore silver coin. coin 46. spot type hedge drain edge. positions beside under. objects hedge drain leaves. environment utility edge. concealment underside. Beside a drain grate, under leaves, at the hedge border."
singapore_047,Singapore,47,x6-S8zD7JjU,path_edge_corner,"In between the stone path edge and soil corner, beside grass.",high,1.0,full1 plus end10 plus end6 contact sheets,in_between,beside,paver,rock,soil,walkway_edge,tile+rock,edge_hide,4,Start in between the paver and inspect the nearest edge before checking open ground.,"Singapore silver coin. coin 47. spot type path edge corner. positions in_between beside. objects paver rock soil. environment walkway edge. concealment edge hide. In between the stone path edge and soil corner, beside grass."
singapore_048,Singapore,48,_W9yNmf51MM,tree_root_gap,"In between tree roots and a stone border, under grass.",high,1.0,end6 contact sheet,in_between,under,tree,rock,grass,landscape_edge,rock+grass,seam_gap,5,Check the seam or narrow gap in between the tree before scanning open ground.,"Singapore silver coin. coin 48. spot type tree root gap. positions in_between under. objects tree rock grass. environment landscape edge. concealment seam gap. In between tree roots and a stone border, under grass."
singapore_049,Singapore,49,59yaFjAkenU,drain_cover_gap,"In between a square drain cover frame and a metal flap, on soil under small plants.",high,1.0,end6 contact sheet,in_between,on,drain,utility_cover,soil,utility_edge,metal+soil,seam_gap,5,Check the seam or narrow gap in between the drain before scanning open ground.,"Singapore silver coin. coin 49. spot type drain cover gap. positions in_between on. objects drain utility_cover soil. environment utility edge. concealment seam gap. In between a square drain cover frame and a metal flap, on soil under small plants."
singapore_050,Singapore,50,V4umLWrpR6o,pipe_corner_gap,"Behind a white drainpipe, in between the pipe and wall corner.",medium,0.7,full1 plus end6 contact sheets,in_corner,behind,pipe,drain,wall,utility_edge,metal,seam_gap,4,Check the seam or narrow gap in the corner of the pipe before scanning open ground.,"Singapore silver coin. coin 50. spot type pipe corner gap. positions in_corner behind. objects pipe drain wall. environment utility edge. concealment seam gap. Behind a white drainpipe, in between the pipe and wall corner."
singapore_051,Singapore,51,gHF4jr5evcg,roots_walkway_edge,"Under roots and vines, beside a blue pebble-wash walkway edge.",high,1.0,end6 contact sheet,under,beside,tree,paver,,landscape_edge,tile,underside,5,"Check underneath the tree first, then inspect the nearest edge and floor seam.","Singapore silver coin. coin 51. spot type roots walkway edge. positions under beside. objects tree paver. environment landscape edge. concealment underside. Under roots and vines, beside a blue pebble-wash walkway edge."
singapore_052,Singapore,52,2EP8jD2OSpc,hedge_wall_edge,"Beside a hedge, on the concrete edge of a low planter wall.",medium,0.7,end6 contact sheet,beside,on,hedge,wall,concrete,landscape_edge,concrete,natural_cover,3,"Check under leaves, roots, or groundcover beside the hedge before searching open pavement.","Singapore silver coin. coin 52. spot type hedge wall edge. positions beside on. objects hedge wall concrete. environment landscape edge. concealment natural cover. Beside a hedge, on the concrete edge of a low planter wall."
singapore_053,Singapore,53,buM7VTC_dMc,drain_paving_seam,"In the seam beside a linear drain grate, between the concrete drain edge and paving slab.",high,1.0,end6 contact sheet,beside,in_between,drain,concrete,,utility_edge,metal+concrete,seam_gap,5,Check the seam or narrow gap beside the drain before scanning open ground.,"Singapore silver coin. coin 53. spot type drain paving seam. positions beside in_between. objects drain concrete. environment utility edge. concealment seam gap. In the seam beside a linear drain grate, between the concrete drain edge and paving slab."
singapore_054,Singapore,54,_RQDqAikyLk,fence_base_plants,"Under strap leaves, beside a green fence or railing base, on pebble-wash concrete.",high,1.0,end6 contact sheet,under,beside,fence,leaves,railing,structure_edge,leaf_litter+metal,underside,5,"Check underneath the fence first, then inspect the nearest edge and floor seam.","Singapore silver coin. coin 54. spot type fence base plants. positions under beside. objects fence leaves railing. environment structure edge. concealment underside. Under strap leaves, beside a green fence or railing base, on pebble-wash concrete."
singapore_055,Singapore,55,0oh8kasxHjU,brick_border_soil,"Under the red brick planter border, on soil below the edge.",high,1.0,end6 contact sheet,under,on,brick,soil,planter,landscape_edge,brick+soil,underside,5,"Check underneath the brick first, then inspect the nearest edge and floor seam.","Singapore silver coin. coin 55. spot type brick border soil. positions under on. objects brick soil planter. environment landscape edge. concealment underside. Under the red brick planter border, on soil below the edge."
singapore_056,Singapore,56,nJ-iGtHKUAg,bench_side_gap,"Behind a green metal bench side panel, beside plants and stone paving.",high,1.0,full1 plus end6 contact sheets,behind,beside,bench,panel,rock,bench_zone,metal+rock,seam_gap,5,Check the seam or narrow gap behind the bench before scanning open ground.,"Singapore silver coin. coin 56. spot type bench side gap. positions behind beside. objects bench panel rock. environment bench zone. concealment seam gap. Behind a green metal bench side panel, beside plants and stone paving."
singapore_057,Singapore,57,i0DNRLb7QQQ,tree_planter_crack,"In between the red brick planter wall and the tree base, inside the crack.",high,1.0,full1 plus end6 contact sheets,in_between,inside,tree,planter,brick,landscape_edge,brick,seam_gap,5,Check the seam or narrow gap in between the tree before scanning open ground.,"Singapore silver coin. coin 57. spot type tree planter crack. positions in_between inside. objects tree planter brick. environment landscape edge. concealment seam gap. In between the red brick planter wall and the tree base, inside the crack."
singapore_058,Singapore,58,70Svmr4Cl_o,hedge_planter_edge,"Beside the hedge, on top of the low concrete planter wall edge.",medium,0.7,full1 plus end6 contact sheets,beside,on_top,hedge,planter,concrete,landscape_edge,concrete,natural_cover,3,"Check under leaves, roots, or groundcover beside the hedge before searching open pavement.","Singapore silver coin. coin 58. spot type hedge planter edge. positions beside on_top. objects hedge planter concrete. environment landscape edge. concealment natural cover. Beside the hedge, on top of the low concrete planter wall edge."
singapore_059,Singapore,59,qsHZENDy3W4,planter_wall_opening,"Inside a rectangular opening in the top of the low concrete planter wall, under the hedge.",high,1.0,full1 plus end10 plus end6 contact sheets,inside,under,planter,wall,concrete,landscape_edge,concrete,hole_opening,5,Start inside the planter and inspect the nearest edge before checking open ground.,"Singapore silver coin. coin 59. spot type planter wall opening. positions inside under. objects planter wall concrete. environment landscape edge. concealment hole opening. Inside a rectangular opening in the top of the low concrete planter wall, under the hedge."
singapore_060,Singapore,60,-uKx_Je2Y-k,utility_box_base,"Beside a yellow utility box base, in grass at the bottom corner.",high,1.0,full1 plus end6 contact sheets,beside,,utility_cover,grass,,utility_edge,grass,natural_cover,3,"Check under leaves, roots, or groundcover beside the utility cover before searching open pavement.","Singapore silver coin. coin 60. spot type utility box base. positions beside. objects utility_cover grass. environment utility edge. concealment natural cover. Beside a yellow utility box base, in grass at the bottom corner."
singapore_061,Singapore,61,Ge9J0Hk_bw4,bench_underside,"Under a blue bench, below the seat panel.",high,1.0,end6 contact sheet,under,below,bench,panel,,bench_zone,metal,underside,5,"Check underneath the bench first, then inspect the nearest edge and floor seam.","Singapore silver coin. coin 61. spot type bench underside. positions under below. objects bench panel. environment bench zone. concealment underside. Under a blue bench, below the seat panel."
singapore_063,Singapore,63,Tz5SpqYf7tI,concrete_overhang_gap,"Under a rough concrete overhang, in between the slab and the ground.",high,1.0,end6 contact sheet,under,in_between,concrete,,,mixed_edge,concrete,seam_gap,5,Check the seam or narrow gap under the concrete before scanning open ground.,"Singapore silver coin. coin 63. spot type concrete overhang gap. positions under in_between. objects concrete. environment mixed edge. concealment seam gap. Under a rough concrete overhang, in between the slab and the ground."
singapore_064,Singapore,64,hl_eLa3judA,pebble_planter_edge,"Beside a pebble-wash planter edge, under strap leaves.",high,1.0,end6 contact sheet,beside,under,planter,leaves,,landscape_edge,leaf_litter,underside,5,"Check underneath the planter first, then inspect the nearest edge and floor seam.","Singapore silver coin. coin 64. spot type pebble planter edge. positions beside under. objects planter leaves. environment landscape edge. concealment underside. Beside a pebble-wash planter edge, under strap leaves."
singapore_066,Singapore,66,JxRydjhEERY,bench_slat_gap,"In between the wooden bench slats and the concrete planter edge, beside grass.",high,1.0,full1 plus end6 contact sheets,in_between,beside,bench,wood,concrete,bench_zone,wood+concrete,seam_gap,5,Check the seam or narrow gap in between the bench before scanning open ground.,"Singapore silver coin. coin 66. spot type bench slat gap. positions in_between beside. objects bench wood concrete. environment bench zone. concealment seam gap. In between the wooden bench slats and the concrete planter edge, beside grass."
singapore_067,Singapore,67,f4_hWZz9TWE,utility_cover_lip,"Under the lip of a yellow utility cover, beside grass.",high,1.0,end6 contact sheet,under,beside,utility_cover,grass,,utility_edge,grass,underside,5,"Check underneath the utility cover first, then inspect the nearest edge and floor seam.","Singapore silver coin. coin 67. spot type utility cover lip. positions under beside. objects utility_cover grass. environment utility edge. concealment underside. Under the lip of a yellow utility cover, beside grass."
singapore_068,Singapore,68,AYohbCkHxJ4,brick_grass_edge,"Beside the red brick border, at the grass edge.",high,1.0,end6 contact sheet,beside,,brick,grass,,mixed_edge,brick+grass,natural_cover,3,"Check under leaves, roots, or groundcover beside the brick before searching open pavement.","Singapore silver coin. coin 68. spot type brick grass edge. positions beside. objects brick grass. environment mixed edge. concealment natural cover. Beside the red brick border, at the grass edge."
singapore_069,Singapore,69,eIHs32K2SCA,bench_side_gap,"Behind a green metal bench side panel, beside plants and stone paving.",high,1.0,full1 plus end6 contact sheets,behind,beside,bench,panel,rock,bench_zone,metal+rock,seam_gap,5,Check the seam or narrow gap behind the bench before scanning open ground.,"Singapore silver coin. coin 69. spot type bench side gap. positions behind beside. objects bench panel rock. environment bench zone. concealment seam gap. Behind a green metal bench side panel, beside plants and stone paving."
singapore_070,Singapore,70,vMJFTF2k-6I,wall_vine_crack,"Under small vines, beside a wall, inside a ledge crack.",high,1.0,end6 contact sheet,under,beside,wall,concrete,,structure_edge,concrete,seam_gap,5,Check the seam or narrow gap under the wall before scanning open ground.,"Singapore silver coin. coin 70. spot type wall vine crack. positions under beside. objects wall concrete. environment structure edge. concealment seam gap. Under small vines, beside a wall, inside a ledge crack."
singapore_071,Singapore,71,qwt0EqdPwzs,brick_pebble_border,"In between the brick edging and pebble-wash walkway, beside grass.",medium,0.7,full1 plus end10 plus end6 contact sheets,in_between,beside,brick,paver,grass,walkway_edge,brick+tile,natural_cover,3,"Check under leaves, roots, or groundcover beside the brick before searching open pavement.","Singapore silver coin. coin 71. spot type brick pebble border. positions in_between beside. objects brick paver grass. environment walkway edge. concealment natural cover. In between the brick edging and pebble-wash walkway, beside grass."
singapore_072,Singapore,72,s8br74UBLOM,brick_border_soil,"Under the red brick wall edge, on soil beside grass.",high,1.0,end6 contact sheet,under,on,brick,soil,wall,structure_edge,brick+soil,underside,5,"Check underneath the brick first, then inspect the nearest edge and floor seam.","Singapore silver coin. coin 72. spot type brick border soil. positions under on. objects brick soil wall. environment structure edge. concealment underside. Under the red brick wall edge, on soil beside grass."
singapore_074,Singapore,74,nRO2JPJ7FZM,grass_path_edge,"In the grass, beside a pebble-wash path edge.",medium,0.7,end10 plus end6 contact sheets,beside,,grass,paver,,walkway_edge,grass+tile,natural_cover,3,"Check under leaves, roots, or groundcover beside the grass before searching open pavement.","Singapore silver coin. coin 74. spot type grass path edge. positions beside. objects grass paver. environment walkway edge. concealment natural cover. In the grass, beside a pebble-wash path edge."
singapore_166,Singapore,166,IOxpWv717IE,groundcover_wall_base,"Under groundcover, beside a low concrete wall, around a small round utility cap.",medium,0.7,end6 contact sheet,under,beside,hedge,utility_cover,wall,utility_edge,concrete,underside,4,"Check underneath the hedge first, then inspect the nearest edge and floor seam.","Singapore silver coin. coin 166. spot type groundcover wall base. positions under beside. objects hedge utility_cover wall. environment utility edge. concealment underside. Under groundcover, beside a low concrete wall, around a small round utility cap."
singapore_190,Singapore,190,MOTTHoluzwc,slat_floor_gap,"In between beige metal slats, on the wooden plank floor.",high,1.0,end6 contact sheet,in_between,on,bench,wood,,bench_zone,metal+wood,seam_gap,5,Check the seam or narrow gap in between the bench before scanning open ground.,"Singapore silver coin. coin 190. spot type slat floor gap. positions in_between on. objects bench wood. environment bench zone. concealment seam gap. In between beige metal slats, on the wooden plank floor."
singapore_192,Singapore,192,Srm1juOKFFM,exercise_machine_underside,"Under a green outdoor exercise machine, below the padded roller or frame.",high,1.0,end6 contact sheet,under,below,,,,mixed_edge,mixed,underside,5,"Check underneath the structure first, then inspect the nearest edge and floor seam.","Singapore silver coin. coin 192. spot type exercise machine underside. positions under below. objects mixed. environment mixed edge. concealment underside. Under a green outdoor exercise machine, below the padded roller or frame."
singapore_194,Singapore,194,hJpGNDNgtfE,kerb_leaf_litter,"On soil beside a low concrete kerb, under dry leaves.",high,1.0,end6 contact sheet,on,beside,kerb,leaves,soil,mixed_edge,concrete+leaf_litter,natural_cover,3,"Check under leaves, roots, or groundcover beside the kerb before searching open pavement.","Singapore silver coin. coin 194. spot type kerb leaf litter. positions on beside. objects kerb leaves soil. environment mixed edge. concealment natural cover. On soil beside a low concrete kerb, under dry leaves."
singapore_200,Singapore,200,yz4NoJOoSyU,notice_board_frame_gap,Inside the side gap of a notice board frame.,medium,0.7,end6 contact sheet,inside,,,,,mixed_edge,mixed,seam_gap,4,Check the seam or narrow gap inside the structure before scanning open ground.,Singapore silver coin. coin 200. spot type notice board frame gap. positions inside. objects mixed. environment mixed edge. concealment seam gap. Inside the side gap of a notice board frame.
singapore_206,Singapore,206,NXb9U3b1kOg,ledge_leaf_litter,"Under leaves, beside a low concrete ledge, on the wall edge.",high,1.0,end6 contact sheet,under,beside,concrete,leaves,wall,structure_edge,concrete+leaf_litter,underside,5,"Check underneath the concrete first, then inspect the nearest edge and floor seam.","Singapore silver coin. coin 206. spot type ledge leaf litter. positions under beside. objects concrete leaves wall. environment structure edge. concealment underside. Under leaves, beside a low concrete ledge, on the wall edge."
singapore_210,Singapore,210,bX8qNRmgx8E,railing_base_seam,"In between a green metal railing base and the concrete edge, on paving.",high,1.0,end6 contact sheet,in_between,on,railing,concrete,,structure_edge,metal+concrete,seam_gap,5,Check the seam or narrow gap in between the railing before scanning open ground.,"Singapore silver coin. coin 210. spot type railing base seam. positions in_between on. objects railing concrete. environment structure edge. concealment seam gap. In between a green metal railing base and the concrete edge, on paving."
singapore_211,Singapore,211,Ia6aMmXqKtE,pipe_corner_gap,"Behind a white drainpipe, in between the pipe and wall corner.",high,1.0,end6 contact sheet,in_corner,behind,pipe,drain,wall,utility_edge,metal,seam_gap,5,Check the seam or narrow gap in the corner of the pipe before scanning open ground.,"Singapore silver coin. coin 211. spot type pipe corner gap. positions in_corner behind. objects pipe drain wall. environment utility edge. concealment seam gap. Behind a white drainpipe, in between the pipe and wall corner."
singapore_219,Singapore,219,2KhxXoDdSEU,planter_tile_root_edge,"Under roots, beside square paving tiles, at the planter edge.",high,1.0,end6 contact sheet,under,beside,planter,tile,tree,landscape_edge,tile,underside,5,"Check underneath the planter first, then inspect the nearest edge and floor seam.","Singapore silver coin. coin 219. spot type planter tile root edge. positions under beside. objects planter tile tree. environment landscape edge. concealment underside. Under roots, beside square paving tiles, at the planter edge."
singapore_228,Singapore,228,IXrBNxvfn7g,groundcover_wall_base,"Under groundcover, beside a low concrete wall, around a small round utility cap.",medium,0.7,end6 contact sheet,under,beside,hedge,utility_cover,wall,utility_edge,concrete,underside,4,"Check underneath the hedge first, then inspect the nearest edge and floor seam.","Singapore silver coin. coin 228. spot type groundcover wall base. positions under beside. objects hedge utility_cover wall. environment utility edge. concealment underside. Under groundcover, beside a low concrete wall, around a small round utility cap."
singapore_234,Singapore,234,FpxUStgXMY0,kerb_leaf_litter,"Under dry leaves, beside a low concrete curb, at the planter edge.",high,1.0,end6 contact sheet,under,beside,kerb,leaves,concrete,mixed_edge,concrete+leaf_litter,underside,5,"Check underneath the kerb first, then inspect the nearest edge and floor seam.","Singapore silver coin. coin 234. spot type kerb leaf litter. positions under beside. objects kerb leaves concrete. environment mixed edge. concealment underside. Under dry leaves, beside a low concrete curb, at the planter edge."
