coin_number,title,short_id,url,upload_date,duration
1,Silver Coin #1 has been found in #HuntTheMouse Singapore!,oU5vGUmo_iU,https://www.youtube.com/shorts/oU5vGUmo_iU,20241011,12
2,Silver Coin #2 has been found in #HuntTheMouse Singapore!,QYwr0mSeQR0,https://www.youtube.com/shorts/QYwr0mSeQR0,20241010,21
3,Silver Coin #3 has been found in #HuntTheMouse Singapore!,ZuYCJtKepmg,https://www.youtube.com/shorts/ZuYCJtKepmg,20241012,15
4,Silver Coin #4 has been found in #HuntTheMouse Singapore!,LidgzIgiquE,https://www.youtube.com/shorts/LidgzIgiquE,20241010,15
5,Silver Coin #5 has been found in #HuntTheMouse Singapore!,b4JIem7lUn8,https://www.youtube.com/shorts/b4JIem7lUn8,20241012,15
6,Silver Coin #6 has been found in #HuntTheMouse Singapore!,R90RupEizx8,https://www.youtube.com/shorts/R90RupEizx8,20241011,20
7,Silver Coin #7 has been found in #HuntTheMouse Singapore!,K7x9hL4Xj74,https://www.youtube.com/shorts/K7x9hL4Xj74,20241010,16
8,Silver Coin #8 has been found in #HuntTheMouse Singapore!,1CTFltr5Rds,https://www.youtube.com/shorts/1CTFltr5Rds,20241010,24
9,Silver Coin #9 has been found in #HuntTheMouse Singapore!,CPsya-A3quk,https://www.youtube.com/shorts/CPsya-A3quk,20241012,10
10,Silver Coin #10 has been found in #HuntTheMouse Singapore!,Wsp6XLmR8Co,https://www.youtube.com/shorts/Wsp6XLmR8Co,20241011,12
11,Silver Coin #11 has been found in #HuntTheMouse Singapore!,2BV4KbtVa5Y,https://www.youtube.com/shorts/2BV4KbtVa5Y,20241011,19
12,Silver Coin #12 has been found in #HuntTheMouse Singapore!,H3dOYRce8CE,https://www.youtube.com/shorts/H3dOYRce8CE,20241012,14
13,Silver Coin #13 has been found in #HuntTheMouse Singapore!,EeEDdDbaZCU,https://www.youtube.com/shorts/EeEDdDbaZCU,20241012,17
14,Silver Coin #14 has been found in #HuntTheMouse Singapore!,GF40nA3H9Is,https://www.youtube.com/shorts/GF40nA3H9Is,20241011,18
15,Silver Coin #15 has been found in #HuntTheMouse Singapore!,--oON0QUFi0,https://www.youtube.com/shorts/--oON0QUFi0,20241012,12
16,Silver Coin #16 has been found in #HuntTheMouse Singapore!,Ab7Grf8Ws1Q,https://www.youtube.com/shorts/Ab7Grf8Ws1Q,20241231,16
17,Silver Coin #17 has been found in #HuntTheMouse Singapore!,6SGVBTrmMik,https://www.youtube.com/shorts/6SGVBTrmMik,20241011,16
18,Silver Coin #18 has been found in #HuntTheMouse Singapore!,Lk8MaFk1n5M,https://www.youtube.com/shorts/Lk8MaFk1n5M,20241010,17
19,Silver Coin #19 has been found in #HuntTheMouse Singapore!,-x_nds_9rrA,https://www.youtube.com/shorts/-x_nds_9rrA,20241012,18
20,Silver Coin #20  has been found in #HuntTheMouse Singapore!,V9ekSc2FE08,https://www.youtube.com/shorts/V9ekSc2FE08,20241013,18
21,Silver Coin #21 has been found in #HuntTheMouse Singapore!,CbrQ15hE164,https://www.youtube.com/shorts/CbrQ15hE164,20241011,21
22,Silver Coin #22  has been found in #HuntTheMouse Singapore!,gBCcOZ5-zCM,https://www.youtube.com/shorts/gBCcOZ5-zCM,20241013,16
23,Silver Coin #23 has been found in #HuntTheMouse Singapore!,8PbCjYtw3Fw,https://www.youtube.com/shorts/8PbCjYtw3Fw,20241011,25
24,Silver Coin #24 has been found in #HuntTheMouse Singapore!,gYp4-yeVS2w,https://www.youtube.com/shorts/gYp4-yeVS2w,20241012,12
25,Silver Coin #25 has been found in #HuntTheMouse Singapore!,OpU06YLA55A,https://www.youtube.com/shorts/OpU06YLA55A,20241013,20
26,Silver Coin #26 has been found in #HuntTheMouse Singapore!,ZwwcIszrb_8,https://www.youtube.com/shorts/ZwwcIszrb_8,20241015,10
27,Silver Coin #27 has been found in #HuntTheMouse Singapore!,STosuIpHXps,https://www.youtube.com/shorts/STosuIpHXps,20241012,18
28,Silver Coin #28 has been found in #HuntTheMouse Singapore!,sT7fDNfaIfI,https://www.youtube.com/shorts/sT7fDNfaIfI,20241013,10
29,Silver Coin #29 has been found in #HuntTheMouse Singapore!,HLXnWdx24eY,https://www.youtube.com/shorts/HLXnWdx24eY,20241013,12
30,Silver Coin #30 has been found in #HuntTheMouse Singapore!,LMYIbU57uwM,https://www.youtube.com/shorts/LMYIbU57uwM,20241013,15
31,Silver Coin #31 has been found in #HuntTheMouse Singapore!,8lhGsJdjrMQ,https://www.youtube.com/shorts/8lhGsJdjrMQ,20241012,15
32,Silver Coin #32  has been found in #HuntTheMouse Singapore!,Cxb1MvGZ12o,https://www.youtube.com/shorts/Cxb1MvGZ12o,20241012,18
33,Silver Coin #33 has been found in #HuntTheMouse Singapore!,li0nCJERVQw,https://www.youtube.com/shorts/li0nCJERVQw,20241014,14
34,Silver Coin #34 has been found in #HuntTheMouse Singapore!,jT5t7cmFYUE,https://www.youtube.com/shorts/jT5t7cmFYUE,20241013,15
35,Silver Coin #35 has been found in #HuntTheMouse Singapore!,DtxAM6fQ3jQ,https://www.youtube.com/shorts/DtxAM6fQ3jQ,20241015,14
36,Silver Coin #36 has been found in #HuntTheMouse Singapore!,jOxQTShB3uA,https://www.youtube.com/shorts/jOxQTShB3uA,20241014,21
37,Silver Coin #37 has been found in #HuntTheMouse Singapore!,PVfwhe4dAkw,https://www.youtube.com/shorts/PVfwhe4dAkw,20241016,15
38,Silver Coin #38 has been found in #HuntTheMouse Singapore!,TKX9s4gnbTw,https://www.youtube.com/shorts/TKX9s4gnbTw,20241013,16
39,Silver Coin #39 has been found in #HuntTheMouse Singapore!,ItYuVF1UP_I,https://www.youtube.com/shorts/ItYuVF1UP_I,20241016,16
40,Silver Coin #40 has been found in #HuntTheMouse Singapore!,8tvZt5LCuAw,https://www.youtube.com/shorts/8tvZt5LCuAw,20241013,15
41,Silver Coin #41 has been found in #HuntTheMouse Singapore!,SfK51g-6IWI,https://www.youtube.com/shorts/SfK51g-6IWI,20250613,16
42,Silver Coin #42 has been found in #HuntTheMouse Singapore!,Q_vp5KtOenk,https://www.youtube.com/shorts/Q_vp5KtOenk,20241015,15
43,Silver Coin #43 has been found in #HuntTheMouse Singapore!,S8kG06nVMUw,https://www.youtube.com/shorts/S8kG06nVMUw,20241015,15
44,Silver Coin #44 has been found in #HuntTheMouse Singapore!,TFO3rh4-SNI,https://www.youtube.com/shorts/TFO3rh4-SNI,20241016,8
45,Silver Coin #45 has been found in #HuntTheMouse Singapore!,YKv5xKHNuGg,https://www.youtube.com/shorts/YKv5xKHNuGg,20241013,21
46,Silver Coin #46 has been found in #HuntTheMouse Singapore!,_FhdF9idORc,https://www.youtube.com/shorts/_FhdF9idORc,20241017,15
47,Silver Coin #47 has been found in #HuntTheMouse Singapore!,x6-S8zD7JjU,https://www.youtube.com/shorts/x6-S8zD7JjU,20241015,31
48,Silver Coin #48 has been found in #HuntTheMouse Singapore!,_W9yNmf51MM,https://www.youtube.com/shorts/_W9yNmf51MM,20241017,29
49,Silver Coin #49 has been found in #HuntTheMouse Singapore!,59yaFjAkenU,https://www.youtube.com/shorts/59yaFjAkenU,20241015,15
50,Silver Coin #50 has been found in #HuntTheMouse Singapore!,V4umLWrpR6o,https://www.youtube.com/shorts/V4umLWrpR6o,20241015,17
51,Silver Coin #51 has been found in #HuntTheMouse Singapore!,gHF4jr5evcg,https://www.youtube.com/shorts/gHF4jr5evcg,20241016,26
52,Silver Coin #52 has been found in #HuntTheMouse Singapore!,2EP8jD2OSpc,https://www.youtube.com/shorts/2EP8jD2OSpc,20241015,15
53,Silver Coin #53 has been found in #HuntTheMouse Singapore!,buM7VTC_dMc,https://www.youtube.com/shorts/buM7VTC_dMc,20241014,15
54,Silver Coin #54 has been found in #HuntTheMouse Singapore!,_RQDqAikyLk,https://www.youtube.com/shorts/_RQDqAikyLk,20241016,14
55,Silver Coin #55 has been found in #HuntTheMouse Singapore!,0oh8kasxHjU,https://www.youtube.com/shorts/0oh8kasxHjU,20241016,19
56,Silver Coin #56 has been found in #HuntTheMouse Singapore!,nJ-iGtHKUAg,https://www.youtube.com/shorts/nJ-iGtHKUAg,20241015,19
57,Silver Coin #57 has been found in #HuntTheMouse Singapore!,i0DNRLb7QQQ,https://www.youtube.com/shorts/i0DNRLb7QQQ,20241018,19
58,Silver Coin #58 has been found in #HuntTheMouse Singapore!,70Svmr4Cl_o,https://www.youtube.com/shorts/70Svmr4Cl_o,20241016,20
59,Silver Coin #59 has been found in #HuntTheMouse Singapore!,qsHZENDy3W4,https://www.youtube.com/shorts/qsHZENDy3W4,20241015,20
60,Silver Coin #60 has been found in #HuntTheMouse Singapore!,-uKx_Je2Y-k,https://www.youtube.com/shorts/-uKx_Je2Y-k,20241013,19
61,Silver Coin #61 has been found in #HuntTheMouse Singapore!,Ge9J0Hk_bw4,https://www.youtube.com/shorts/Ge9J0Hk_bw4,20241016,18
62,Silver Coin #62 has been found in #HuntTheMouse Singapore!,pNe6EDDiAWM,https://www.youtube.com/shorts/pNe6EDDiAWM,20241016,17
63,Silver Coin #63 has been found in #HuntTheMouse Singapore!,Tz5SpqYf7tI,https://www.youtube.com/shorts/Tz5SpqYf7tI,20241016,14
64,Silver Coin #64 has been found in #HuntTheMouse Singapore!,hl_eLa3judA,https://www.youtube.com/shorts/hl_eLa3judA,20241017,15
66,Silver Coin #66 has been found in #HuntTheMouse Singapore!,JxRydjhEERY,https://www.youtube.com/shorts/JxRydjhEERY,20241018,14
67,Silver Coin #67 has been found in #HuntTheMouse Singapore!,f4_hWZz9TWE,https://www.youtube.com/shorts/f4_hWZz9TWE,20241016,17
68,Silver Coin #68 has been found in #HuntTheMouse Singapore!,AYohbCkHxJ4,https://www.youtube.com/shorts/AYohbCkHxJ4,20241017,17
69,Silver Coin #69 has been found in #HuntTheMouse Singapore!,eIHs32K2SCA,https://www.youtube.com/shorts/eIHs32K2SCA,20241017,16
70,Silver Coin #70 has been found in #HuntTheMouse Singapore!,vMJFTF2k-6I,https://www.youtube.com/shorts/vMJFTF2k-6I,20241017,19
71,Silver Coin #71 has been found in #HuntTheMouse Singapore!,qwt0EqdPwzs,https://www.youtube.com/shorts/qwt0EqdPwzs,20241024,20
72,Silver Coin #72 has been found in #HuntTheMouse Singapore!,s8br74UBLOM,https://www.youtube.com/shorts/s8br74UBLOM,20241018,13
74,Silver Coin #74 has been found in #HuntTheMouse Singapore!,nRO2JPJ7FZM,https://www.youtube.com/shorts/nRO2JPJ7FZM,20241018,25
75,Silver Coin #75 has been found in #HuntTheMouse Singapore!,WxxM1uBo3zI,https://www.youtube.com/shorts/WxxM1uBo3zI,20241018,17
76,Silver Coin #76 has been found in #HuntTheMouse Singapore!,-2oDcZlUq98,https://www.youtube.com/shorts/-2oDcZlUq98,20241019,17
77,Silver Coin #77 has been found in #HuntTheMouse Singapore!,cZtAYgw3tT0,https://www.youtube.com/shorts/cZtAYgw3tT0,20241019,17
78,Silver Coin #78 has been found in #HuntTheMouse Singapore!,FN8KisXpZVc,https://www.youtube.com/shorts/FN8KisXpZVc,20241019,21
79,Silver Coin #79 has been found in #HuntTheMouse Singapore!,mk0hExPeWbw,https://www.youtube.com/shorts/mk0hExPeWbw,20241016,20
80,Silver Coin #80 has been found in #HuntTheMouse Singapore!,f8lK5d7pqAY,https://www.youtube.com/shorts/f8lK5d7pqAY,20241019,21
81,Silver Coin #81 has been found in #HuntTheMouse Singapore!,x7rCDZRT-fE,https://www.youtube.com/shorts/x7rCDZRT-fE,20241018,17
82,Silver Coin #82 has been found in #HuntTheMouse Singapore!,mLX5vGKgBWQ,https://www.youtube.com/shorts/mLX5vGKgBWQ,20241019,17
83,Silver Coin #83 has been found in #HuntTheMouse Singapore!,-gumHXmmbAA,https://www.youtube.com/shorts/-gumHXmmbAA,20241019,27
84,Silver Coin #84 has been found in #HuntTheMouse Singapore!,5O_N-eaV1Xo,https://www.youtube.com/shorts/5O_N-eaV1Xo,20241019,17
85,Silver Coin #85 has been found in #HuntTheMouse Singapore!,VdvW3n8quoE,https://www.youtube.com/shorts/VdvW3n8quoE,20241021,18
86,Silver Coin #86 has been found in #HuntTheMouse Singapore!,iV9Q8uJ6zSE,https://www.youtube.com/shorts/iV9Q8uJ6zSE,20241022,17
87,Silver Coin #87 has been found in #HuntTheMouse Singapore!,jEFGFzNt5p8,https://www.youtube.com/shorts/jEFGFzNt5p8,20241019,20
88,Silver Coin #88 has been found in #HuntTheMouse Singapore!,oFmNVrEqGTU,https://www.youtube.com/shorts/oFmNVrEqGTU,20241019,9
89,Silver Coin #89  has been found in #HuntTheMouse Singapore!,wAtV6q0wJ5w,https://www.youtube.com/shorts/wAtV6q0wJ5w,20241019,16
90,Silver Coin #90 has been found in #HuntTheMouse Singapore!,oVszJVjsgHM,https://www.youtube.com/shorts/oVszJVjsgHM,20241019,20
91,Silver Coin #91 has been found in #HuntTheMouse Singapore!,l0h0HKRmVbE,https://www.youtube.com/shorts/l0h0HKRmVbE,20241019,11
92,Silver Coin #92 has been found in #HuntTheMouse Singapore!,2ooXTbBsuDU,https://www.youtube.com/shorts/2ooXTbBsuDU,20241018,22
93,Silver Coin #93 has been found in #HuntTheMouse Singapore!,21VRSST-C88,https://www.youtube.com/shorts/21VRSST-C88,20241018,14
94,Silver Coin #94 has been found in #HuntTheMouse Singapore!,t31QGfg2VkI,https://www.youtube.com/shorts/t31QGfg2VkI,20241019,18
96,Silver Coin #96 has been found in #HuntTheMouse Singapore!,Mnuh1whYNNw,https://www.youtube.com/shorts/Mnuh1whYNNw,20241018,17
97,Silver Coin #97 has been found in #HuntTheMouse Singapore!,RlM6ItUHlDY,https://www.youtube.com/shorts/RlM6ItUHlDY,20241019,16
98,Silver Coin #98 has been found in #HuntTheMouse Singapore!,itXg2l1Q3ho,https://www.youtube.com/shorts/itXg2l1Q3ho,20241019,17
99,Silver Coin #99 has been found in #HuntTheMouse Singapore!,dNP9Ke30tSY,https://www.youtube.com/shorts/dNP9Ke30tSY,20241019,20
100,Silver Coin #100 has been found in #HuntTheMouse Singapore!,3yCxyL_g7-w,https://www.youtube.com/shorts/3yCxyL_g7-w,20241018,12
101,Silver Coin #101 has been found in #HuntTheMouse Singapore!,QBXDu1se1_A,https://www.youtube.com/shorts/QBXDu1se1_A,20241019,13
102,Silver Coin #102 has been found in #HuntTheMouse Singapore!,fqABpTmr02k,https://www.youtube.com/shorts/fqABpTmr02k,20241018,19
103,Silver Coin #103 has been found in #HuntTheMouse Singapore!,9QWaKS_CYwc,https://www.youtube.com/shorts/9QWaKS_CYwc,20241019,16
104,Silver Coin #104 has been found in #HuntTheMouse Singapore!,2eWHPWNRkWY,https://www.youtube.com/shorts/2eWHPWNRkWY,20241019,12
105,Silver Coin #105 has been found in #HuntTheMouse Singapore!,3y2NRavoa_k,https://www.youtube.com/shorts/3y2NRavoa_k,20241019,14
106,Silver Coin #106 has been found in #HuntTheMouse Singapore!,WRNn-IM5noA,https://www.youtube.com/shorts/WRNn-IM5noA,20241020,15
107,Silver Coin #107 has been found in #HuntTheMouse Singapore!,nBKvWX56yfM,https://www.youtube.com/shorts/nBKvWX56yfM,20241021,20
108,Silver Coin #108 has been found in #HuntTheMouse Singapore!,uqb9O96QzlU,https://www.youtube.com/shorts/uqb9O96QzlU,20241018,15
109,Silver Coin #109 has been found in #HuntTheMouse Singapore!,lP574agxNM4,https://www.youtube.com/shorts/lP574agxNM4,20241020,15
110,Silver Coin #110 has been found in #HuntTheMouse Singapore!,y7ooDGGzLuk,https://www.youtube.com/shorts/y7ooDGGzLuk,20241021,16
111,Silver Coin #111 has been found in #HuntTheMouse Singapore!,3YVB1zuFoyA,https://www.youtube.com/shorts/3YVB1zuFoyA,20241021,17
112,Silver Coin #112 has been found in #HuntTheMouse Singapore!,WUEQZwboLt8,https://www.youtube.com/shorts/WUEQZwboLt8,20241019,14
113,Silver Coin #113 has been found in #HuntTheMouse Singapore!,O1tm7ywBJIM,https://www.youtube.com/shorts/O1tm7ywBJIM,20241020,17
114,Silver Coin #114 has been found in #HuntTheMouse Singapore!,ruiAXEWJVsc,https://www.youtube.com/shorts/ruiAXEWJVsc,20241020,17
115,Silver Coin #115 has been found in #HuntTheMouse Singapore!,n1PfCOuZ2BY,https://www.youtube.com/shorts/n1PfCOuZ2BY,20241019,20
116,Silver Coin #116 has been found in #HuntTheMouse Singapore!,0H3hXAX0b9w,https://www.youtube.com/shorts/0H3hXAX0b9w,20241019,16
117,Silver Coin #117 has been found in #HuntTheMouse Singapore!,ChlYXaM9c74,https://www.youtube.com/shorts/ChlYXaM9c74,20241020,15
118,Silver Coin #118 has been found in #HuntTheMouse Singapore!,bTNCW37psfM,https://www.youtube.com/shorts/bTNCW37psfM,20241022,17
119,Silver Coin #119 has been found in #HuntTheMouse Singapore!,8i7tSwDJfC0,https://www.youtube.com/shorts/8i7tSwDJfC0,20241021,19
120,Silver Coin #120 has been found in #HuntTheMouse Singapore!,Z8V-QJuC3X8,https://www.youtube.com/shorts/Z8V-QJuC3X8,20241019,19
121,Silver Coin #121 has been found in #HuntTheMouse Singapore!,2RiA4WN9Sj0,https://www.youtube.com/shorts/2RiA4WN9Sj0,20241025,16
122,Silver Coin #122 has been found in #HuntTheMouse Singapore!,k4vnW2PQwts,https://www.youtube.com/shorts/k4vnW2PQwts,20241021,22
123,Silver Coin #123 has been found in #HuntTheMouse Singapore!,k2FVHdr4qpw,https://www.youtube.com/shorts/k2FVHdr4qpw,20241021,17
124,Silver Coin #124 has been found in #HuntTheMouse Singapore!,Ux0UmMLYb20,https://www.youtube.com/shorts/Ux0UmMLYb20,20241022,19
125,Silver Coin #125 has been found in #HuntTheMouse Singapore!,jrKQha3_wDI,https://www.youtube.com/shorts/jrKQha3_wDI,20241021,14
126,Silver Coin #126 has been found in #HuntTheMouse Singapore!,FE_jOeSU4uI,https://www.youtube.com/shorts/FE_jOeSU4uI,20241021,35
127,Silver Coin #127 has been found in #HuntTheMouse Singapore!,3gXjHanQJPg,https://www.youtube.com/shorts/3gXjHanQJPg,20241022,15
128,Silver Coin #128 has been found in #HuntTheMouse Singapore!,mVqn_AdeUj0,https://www.youtube.com/shorts/mVqn_AdeUj0,20241022,17
129,Silver Coin #129 has been found in #HuntTheMouse Singapore!,1FIPCXAyIT4,https://www.youtube.com/shorts/1FIPCXAyIT4,20241021,21
130,Silver Coin #130 has been found in #HuntTheMouse Singapore!,XfL8oGlUbJw,https://www.youtube.com/shorts/XfL8oGlUbJw,20241022,15
131,Silver Coin #131 has been found in #HuntTheMouse Singapore!,slyIJ9XdhLQ,https://www.youtube.com/shorts/slyIJ9XdhLQ,20241023,15
132,Silver Coin #132 has been found in #HuntTheMouse Singapore!,ihhzeeVSTCw,https://www.youtube.com/shorts/ihhzeeVSTCw,20241030,20
133,Silver Coin #133 has been found in #HuntTheMouse Singapore!,1AAnoiS3U-c,https://www.youtube.com/shorts/1AAnoiS3U-c,20241020,25
134,Silver Coin #134 has been found in #HuntTheMouse Singapore!,YTH47nRfMRA,https://www.youtube.com/shorts/YTH47nRfMRA,20241021,18
135,Silver Coin #135 has been found in #HuntTheMouse Singapore!,83n-2-dx4tY,https://www.youtube.com/shorts/83n-2-dx4tY,20241023,15
136,Silver Coin #136 has been found in #HuntTheMouse Singapore!,xq_h7Da6-oY,https://www.youtube.com/shorts/xq_h7Da6-oY,20241024,20
137,Silver Coin #137 has been found in #HuntTheMouse Singapore!,jLcQztJZTcs,https://www.youtube.com/shorts/jLcQztJZTcs,20241024,16
138,Silver Coin #138 has been found in #HuntTheMouse Singapore!,7zIdh9d9Lrc,https://www.youtube.com/shorts/7zIdh9d9Lrc,20241024,19
139,Silver Coin #139 has been found in #HuntTheMouse Singapore!,T25JeO8DzGI,https://www.youtube.com/shorts/T25JeO8DzGI,20241024,18
140,Silver Coin #140 has been found in #HuntTheMouse Singapore!,AwSgaGZf4rM,https://www.youtube.com/shorts/AwSgaGZf4rM,20241024,14
141,Silver Coin #141 has been found in #HuntTheMouse Singapore!,hyzzgLGjYEI,https://www.youtube.com/shorts/hyzzgLGjYEI,20241024,17
142,Silver Coin #142 has been found in #HuntTheMouse Singapore!,QGU0yK8dsI8,https://www.youtube.com/shorts/QGU0yK8dsI8,20241023,16
143,Silver Coin #143 has been found in #HuntTheMouse Singapore!,AWBxyC1UNIU,https://www.youtube.com/shorts/AWBxyC1UNIU,20241025,16
144,Silver Coin #144 has been found in #HuntTheMouse Singapore!,ZeRza6jx4O0,https://www.youtube.com/shorts/ZeRza6jx4O0,20241025,20
145,Silver Coin #145 has been found in #HuntTheMouse Singapore!,-9sHzg6psU8,https://www.youtube.com/shorts/-9sHzg6psU8,20241025,16
146,Silver Coin #146 has been found in #HuntTheMouse Singapore!,hjlbvZxwnt4,https://www.youtube.com/shorts/hjlbvZxwnt4,20241023,20
147,Silver Coin #147 has been found in #HuntTheMouse Singapore!,ROPiVqAdaWk,https://www.youtube.com/shorts/ROPiVqAdaWk,20241025,20
148,Silver Coin #148 has been found in #HuntTheMouse Singapore!,GtnT9Rxmpvc,https://www.youtube.com/shorts/GtnT9Rxmpvc,20241025,19
149,Silver Coin #149 has been found in #HuntTheMouse Singapore!,_vnkxRTM68I,https://www.youtube.com/shorts/_vnkxRTM68I,20241026,20
150,Silver Coin #150 has been found in #HuntTheMouse Singapore!,vlY3yTUuA18,https://www.youtube.com/shorts/vlY3yTUuA18,20241023,16
151,Silver Coin #151 has been found in #HuntTheMouse Singapore!,-mwMI-5qaJE,https://www.youtube.com/shorts/-mwMI-5qaJE,20241026,25
152,Silver Coin #152 has been found in #HuntTheMouse Singapore!,zWq_FkqTukc,https://www.youtube.com/shorts/zWq_FkqTukc,20241024,20
153,Silver Coin #153 has been found in #HuntTheMouse Singapore!,CKCuWG7dJvk,https://www.youtube.com/shorts/CKCuWG7dJvk,20241026,21
154,Silver Coin #154 has been found in #HuntTheMouse Singapore!,PhSCg1nnIYM,https://www.youtube.com/shorts/PhSCg1nnIYM,20241028,16
155,Silver Coin #155 has been found in #HuntTheMouse Singapore!,pdwyUfuANCU,https://www.youtube.com/shorts/pdwyUfuANCU,20241026,18
156,Silver Coin #156 has been found in #HuntTheMouse Singapore!,q8u1wYmgYyI,https://www.youtube.com/shorts/q8u1wYmgYyI,20241026,20
157,Silver Coin #157 has been found in #HuntTheMouse Singapore!,PGPTVz38V2Q,https://www.youtube.com/shorts/PGPTVz38V2Q,20241029,15
158,Silver Coin #158 has been found in #HuntTheMouse Singapore!,iue2mhDiyLI,https://www.youtube.com/shorts/iue2mhDiyLI,20241026,17
159,Silver Coin #159 has been found in #HuntTheMouse Singapore!,sC90RnRui18,https://www.youtube.com/shorts/sC90RnRui18,20241028,20
160,Silver Coin #160 has been found in #HuntTheMouse Singapore!,ogyuEjhBmQk,https://www.youtube.com/shorts/ogyuEjhBmQk,20241028,12
161,Silver Coin #161 has been found in #HuntTheMouse Singapore!,pYNJ3yPrsIQ,https://www.youtube.com/shorts/pYNJ3yPrsIQ,,
162,Silver Coin #162 has been found in #HuntTheMouse Singapore!,ZrVGKwS2jUI,https://www.youtube.com/shorts/ZrVGKwS2jUI,,
163,Silver Coin #163 has been found in #HuntTheMouse Singapore!,MtiKFQwJgY4,https://www.youtube.com/shorts/MtiKFQwJgY4,20241028,16
164,Silver Coin #164 has been found in #HuntTheMouse Singapore!,ZFmqlIOf9qU,https://www.youtube.com/shorts/ZFmqlIOf9qU,20241026,15
165,Silver Coin #165 has been found in #HuntTheMouse Singapore!,Ga1cEcsY108,https://www.youtube.com/shorts/Ga1cEcsY108,20241028,16
166,Silver Coin #166 has been found in #HuntTheMouse Singapore!,IOxpWv717IE,https://www.youtube.com/shorts/IOxpWv717IE,20241107,20
167,Silver Coin #167 has been found in #HuntTheMouse Singapore!,B_KtNA5_VdM,https://www.youtube.com/shorts/B_KtNA5_VdM,,
168,Silver Coin #168 has been found in #HuntTheMouse Singapore!,aKoPINs2_bA,https://www.youtube.com/shorts/aKoPINs2_bA,20241028,17
170,Silver Coin #170 has been found in #HuntTheMouse Singapore!,qRBM3FEgZ2w,https://www.youtube.com/shorts/qRBM3FEgZ2w,20241026,16
171,Silver Coin #171 has been found in #HuntTheMouse Singapore!,2rh5u9vUytM,https://www.youtube.com/shorts/2rh5u9vUytM,20241026,22
172,Silver Coin #172 has been found in #HuntTheMouse Singapore!,8qI56TPnCi4,https://www.youtube.com/shorts/8qI56TPnCi4,20241028,18
173,Silver Coin #173 has been found in #HuntTheMouse Singapore!,9gifzwmXklM,https://www.youtube.com/shorts/9gifzwmXklM,20241028,19
174,Silver Coin #174 has been found in #HuntTheMouse Singapore!,lRvou6erXdw,https://www.youtube.com/shorts/lRvou6erXdw,,
175,Silver Coin #175 has been found in #HuntTheMouse Singapore!,F2CgpvPMWRg,https://www.youtube.com/shorts/F2CgpvPMWRg,20241027,15
176,Silver Coin #176 has been found in #HuntTheMouse Singapore!,S47djcu6oKI,https://www.youtube.com/shorts/S47djcu6oKI,20241029,14
177,Silver Coin #177 has been found in #HuntTheMouse Singapore!,JxmDqLJebuY,https://www.youtube.com/shorts/JxmDqLJebuY,20241031,18
178,Silver Coin #178 has been found in #HuntTheMouse Singapore!,jxcXnRQGvzg,https://www.youtube.com/shorts/jxcXnRQGvzg,20241031,18
179,Silver Coin #179 has been found in #HuntTheMouse Singapore!,Gzi1qnku0Bw,https://www.youtube.com/shorts/Gzi1qnku0Bw,20241029,18
180,Silver Coin #180 has been found in #HuntTheMouse Singapore!,DQWB3xMYr8I,https://www.youtube.com/shorts/DQWB3xMYr8I,,
181,Silver Coin #181 has been found in #HuntTheMouse Singapore!,8wj88w1lM3w,https://www.youtube.com/shorts/8wj88w1lM3w,,
182,Silver Coin #182 has been found in #HuntTheMouse Singapore!,6sjNWxkIyM4,https://www.youtube.com/shorts/6sjNWxkIyM4,,
183,Silver Coin #183 has been found in #HuntTheMouse Singapore!,U02mHK_AiBs,https://www.youtube.com/shorts/U02mHK_AiBs,,
184,Silver Coin #184 has been found in #HuntTheMouse Singapore!,_7pl136_qQ8,https://www.youtube.com/shorts/_7pl136_qQ8,20241028,31
185,Silver Coin #185 has been found in #HuntTheMouse Singapore!,mZ1JmFj_1Yo,https://www.youtube.com/shorts/mZ1JmFj_1Yo,,
186,Silver Coin #186 has been found in #HuntTheMouse Singapore!,KeOd69FmVFw,https://www.youtube.com/shorts/KeOd69FmVFw,,
187,Silver Coin #187 has been found in #HuntTheMouse Singapore!,dSpNnTbheTE,https://www.youtube.com/shorts/dSpNnTbheTE,20241031,24
188,Silver Coin #188  has been found in #HuntTheMouse Singapore!,xn1zIFEE1HA,https://www.youtube.com/shorts/xn1zIFEE1HA,,
189,Silver Coin #189 has been found in #HuntTheMouse Singapore!,xugpLfwUCr4,https://www.youtube.com/shorts/xugpLfwUCr4,,
190,Silver Coin #190 has been found in #HuntTheMouse Singapore!,MOTTHoluzwc,https://www.youtube.com/shorts/MOTTHoluzwc,20241031,23
191,Silver Coin #191 has been found in #HuntTheMouse Singapore!,e8zlkqK35mI,https://www.youtube.com/shorts/e8zlkqK35mI,,
192,Silver Coin #192 has been found in #HuntTheMouse Singapore!,Srm1juOKFFM,https://www.youtube.com/shorts/Srm1juOKFFM,20241102,17
194,Silver Coin #194 has been found in #HuntTheMouse Singapore!,hJpGNDNgtfE,https://www.youtube.com/shorts/hJpGNDNgtfE,20241101,20
195,Silver Coin #195 has been found in #HuntTheMouse Singapore!,MtK3hb2hK8s,https://www.youtube.com/shorts/MtK3hb2hK8s,,
196,Silver Coin #196 has been found in #HuntTheMouse Singapore!,uiCAa5RUTGQ,https://www.youtube.com/shorts/uiCAa5RUTGQ,20241104,14
197,Silver Coin #197 has been found in #HuntTheMouse Singapore!,rRG_6sJ6IDc,https://www.youtube.com/shorts/rRG_6sJ6IDc,20241103,13
198,Silver Coin #198 has been found in #HuntTheMouse Singapore!,aTSegVdnSUs,https://www.youtube.com/shorts/aTSegVdnSUs,,
199,Silver Coin #199 has been found in #HuntTheMouse Singapore!,dDETTUThfcg,https://www.youtube.com/shorts/dDETTUThfcg,20241101,15
200,Silver Coin #200 has been found in #HuntTheMouse Singapore!,yz4NoJOoSyU,https://www.youtube.com/shorts/yz4NoJOoSyU,20241104,21
201,Silver Coin #201 has been found in #HuntTheMouse Singapore!,4oeQTvK3ZV0,https://www.youtube.com/shorts/4oeQTvK3ZV0,,
202,Silver Coin #202 has been found in #HuntTheMouse Singapore!,A8UdGIQJ6IY,https://www.youtube.com/shorts/A8UdGIQJ6IY,,
203,Silver Coin #203 has been found in #HuntTheMouse Singapore!,gV0ZR6LcfMI,https://www.youtube.com/shorts/gV0ZR6LcfMI,,
204,Silver Coin #204 has been found in #HuntTheMouse Singapore!,ozRcIyQNBBE,https://www.youtube.com/shorts/ozRcIyQNBBE,,
205,Silver Coin #205 has been found in #HuntTheMouse Singapore!,Tmu_5L_0cS4,https://www.youtube.com/shorts/Tmu_5L_0cS4,,
206,Silver Coin #206 has been found in #HuntTheMouse Singapore!,NXb9U3b1kOg,https://www.youtube.com/shorts/NXb9U3b1kOg,20241103,15
207,Silver Coin #207 has been found in #HuntTheMouse Singapore!,QZm-awwr5mQ,https://www.youtube.com/shorts/QZm-awwr5mQ,20241104,17
208,Silver Coin #208 has been found in #HuntTheMouse Singapore!,z05gKrdcG5w,https://www.youtube.com/shorts/z05gKrdcG5w,20241105,19
209,Silver Coin #209 has been found in #HuntTheMouse Singapore!,cJCYjb0ORcU,https://www.youtube.com/shorts/cJCYjb0ORcU,,
210,Silver Coin #210 has been found in #HuntTheMouse Singapore!,bX8qNRmgx8E,https://www.youtube.com/shorts/bX8qNRmgx8E,20241106,16
211,Silver Coin #211 has been found in #HuntTheMouse Singapore!,Ia6aMmXqKtE,https://www.youtube.com/shorts/Ia6aMmXqKtE,20241106,9
212,Silver Coin #212 has been found in #HuntTheMouse Singapore!,Do9v73Qhp4o,https://www.youtube.com/shorts/Do9v73Qhp4o,,
213,Silver Coin #213 has been found in #HuntTheMouse Singapore!,p0TAiYz3jCQ,https://www.youtube.com/shorts/p0TAiYz3jCQ,,
214,Silver Coin #214 has been found in #HuntTheMouse Singapore!,26bOYbKTPuY,https://www.youtube.com/shorts/26bOYbKTPuY,,
215,Silver Coin #215 has been found in #HuntTheMouse Singapore!,Yngt2I3XGaE,https://www.youtube.com/shorts/Yngt2I3XGaE,,
216,Silver Coin #216 has been found in #HuntTheMouse Singapore!,2oL4c3KCj9I,https://www.youtube.com/shorts/2oL4c3KCj9I,,
217,Silver Coin #217 has been found in #HuntTheMouse Singapore!,q530-HD6uUg,https://www.youtube.com/shorts/q530-HD6uUg,,
218,Silver Coin #218 has been found in #HuntTheMouse Singapore!,zhsbQWJxYUE,https://www.youtube.com/shorts/zhsbQWJxYUE,,
219,Silver Coin #219 has been found in #HuntTheMouse Singapore!,2KhxXoDdSEU,https://www.youtube.com/shorts/2KhxXoDdSEU,20241108,23
220,Silver Coin #220 has been found in #HuntTheMouse Singapore!,a5sHPQhBIhU,https://www.youtube.com/shorts/a5sHPQhBIhU,,
222,Silver Coin #222 has been found in #HuntTheMouse Singapore!,cH5ncF1mRKE,https://www.youtube.com/shorts/cH5ncF1mRKE,,
223,Silver Coin #223 has been found in #HuntTheMouse Singapore!,EZyUBltlek8,https://www.youtube.com/shorts/EZyUBltlek8,,
224,Silver Coin #224 has been found in #HuntTheMouse Singapore!,cGWm-s3Ph8I,https://www.youtube.com/shorts/cGWm-s3Ph8I,,
225,Silver Coin #225 has been found in #HuntTheMouse Singapore!,j3Fb-0ikfP8,https://www.youtube.com/shorts/j3Fb-0ikfP8,,
226,Silver Coin #226 has been found in #HuntTheMouse Singapore!,uqdr4HX3ZtY,https://www.youtube.com/shorts/uqdr4HX3ZtY,,
227,Silver Coin #227 has been found in #HuntTheMouse Singapore!,ZYdoNAHZm9M,https://www.youtube.com/shorts/ZYdoNAHZm9M,,
228,Silver Coin #228 has been found in #HuntTheMouse Singapore!,IXrBNxvfn7g,https://www.youtube.com/shorts/IXrBNxvfn7g,20241109,21
229,Silver Coin #229 has been found in #HuntTheMouse Singapore!,qYyIredzsok,https://www.youtube.com/shorts/qYyIredzsok,,
230,Silver Coin #230 has been found in #HuntTheMouse Singapore!,lnKsncaeAzU,https://www.youtube.com/shorts/lnKsncaeAzU,,
231,Silver Coin #231 has been found in #HuntTheMouse Singapore!,IDNHTWCaOTQ,https://www.youtube.com/shorts/IDNHTWCaOTQ,,
232,Silver Coin #232 has been found in #HuntTheMouse Singapore!,8-7slG7lvHU,https://www.youtube.com/shorts/8-7slG7lvHU,,
233,Silver Coin #233 has been found in #HuntTheMouse Singapore!,by9zkV6aW3g,https://www.youtube.com/shorts/by9zkV6aW3g,,
234,Silver Coin #234 has been found in #HuntTheMouse Singapore!,FpxUStgXMY0,https://www.youtube.com/shorts/FpxUStgXMY0,20241103,17
235,Silver Coin #235 has been found in #HuntTheMouse Singapore!,Qw0qAqcYXIA,https://www.youtube.com/shorts/Qw0qAqcYXIA,,
236,Silver Coin #236 has been found in #HuntTheMouse Singapore!,iXFsBcXY-ks,https://www.youtube.com/shorts/iXFsBcXY-ks,,
237,Silver Coin #237 has been found in #HuntTheMouse Singapore!,4XcRHBFWJ4A,https://www.youtube.com/shorts/4XcRHBFWJ4A,,
238,Silver Coin #238 has been found in #HuntTheMouse Singapore!,hplJLc-vLdY,https://www.youtube.com/shorts/hplJLc-vLdY,,
239,Silver Coin #239 has been found in #HuntTheMouse Singapore!,sa0jTMuGsXM,https://www.youtube.com/shorts/sa0jTMuGsXM,,
